Unity Editor version:    6000.4.0f1 (8cf496087c8f)
Branch:                  6000.4/staging
Build type:              Release
Batch mode:              YES
macOS version:           Version 26.3 (Build 25D125)
Darwin version:          25.3.0
Architecture:            arm64
Running under Rosetta:   NO
Available memory:        131072 MB
Date:                    2026-04-01T21:56:21Z
[Licensing::Module] Trying to connect to existing licensing client channel...
[Licensing::IpcConnector] Successfully connected to: "LicenseClient-louis" at "2026-04-01T21:56:21.300743Z"

COMMAND LINE ARGUMENTS:
/Applications/Unity/Hub/Editor/6000.4.0f1/Unity.app/Contents/MacOS/Unity
-adb2
-batchMode
-noUpm
-name
AssetImportWorker0
-projectPath
/Users/louis/git/louis/Playbook
-logFile
Logs/AssetImportWorker0.log
-srvPort
56558
-licensingIpc
LicenseClient-louis
-force-metal
-job-worker-count
7
-background-job-worker-count
8
-gc-helper-count
1
-name AssetImport
Successfully changed project path to: /Users/louis/git/louis/Playbook
/Users/louis/git/louis/Playbook
[UnityMemory] Configuration Parameters - Can be set up in boot.config
    "memorysetup-temp-allocator-size-gi-baking-worker=262144"
    "memorysetup-temp-allocator-size-gi-baking-worker=262144"
    "memorysetup-temp-allocator-size-gi-baking-worker=262144"
    "memorysetup-temp-allocator-size-gi-baking-worker=262144"
    "memorysetup-temp-allocator-size-gi-baking-worker=262144"
    "memorysetup-temp-allocator-size-nav-mesh-worker=65536"
    "memorysetup-temp-allocator-size-audio-worker=65536"
    "memorysetup-temp-allocator-size-cloud-worker=32768"
    "memorysetup-allocator-temp-initial-block-size-main=262144"
    "memorysetup-allocator-temp-initial-block-size-worker=262144"
    "memorysetup-temp-allocator-size-background-worker=32768"
    "memorysetup-temp-allocator-size-job-worker=262144"
    "memorysetup-temp-allocator-size-preload-manager=33554432"
    "memorysetup-temp-allocator-size-gfx=262144"
    "memorysetup-bucket-allocator-granularity=16"
    "memorysetup-bucket-allocator-bucket-count=8"
    "memorysetup-bucket-allocator-block-size=33554432"
    "memorysetup-bucket-allocator-block-count=8"
    "memorysetup-main-allocator-block-size=16777216"
    "memorysetup-thread-allocator-block-size=16777216"
    "memorysetup-gfx-main-allocator-block-size=16777216"
    "memorysetup-gfx-thread-allocator-block-size=16777216"
    "memorysetup-cache-allocator-block-size=4194304"
    "memorysetup-typetree-allocator-block-size=2097152"
    "memorysetup-profiler-bucket-allocator-granularity=16"
    "memorysetup-profiler-bucket-allocator-bucket-count=8"
    "memorysetup-profiler-bucket-allocator-block-size=33554432"
    "memorysetup-profiler-bucket-allocator-block-count=8"
    "memorysetup-profiler-allocator-block-size=16777216"
    "memorysetup-profiler-editor-allocator-block-size=1048576"
    "memorysetup-temp-allocator-size-main=16777216"
    "memorysetup-job-temp-allocator-block-size=2097152"
    "memorysetup-job-temp-allocator-block-size-background=1048576"
    "memorysetup-job-temp-allocator-reduction-small-platforms=262144"
Player connection [8453238912]  Target information:

Player connection [8453238912]  * "[IP] 192.168.1.87 [Port] 0 [Flags] 2 [Guid] 2653270997 [EditorId] 2653270997 [Version] 1048832 [Id] OSXEditor(0,louism4mbp) [Debug] 1 [PackageName] OSXEditor [ProjectName] Editor" 

Player connection [8453238912] Host joined multi-casting on [225.0.0.222:54997]...
Player connection [8453238912] Host joined alternative multi-casting on [225.0.0.222:34997]...
JobSystem: Creating JobQueue using job-worker-count value 7
Input System module state changed to: Initialized.
[Physics::Module] Initialized fallback backend.
[Physics::Module] Id: 0xdecafbad
Library Redirect Path: Library/
[Physics::Module] Selected backend.
[Physics::Module] Name: PhysX
[Physics::Module] Id: 0xf2b8ea05
[Physics::Module] SDK Version: 4.1.2
[Physics::Module] Integration Version: 1.0.0
[Physics::Module] Threading Mode: Multi-Threaded
Initialize engine version: 6000.4.0f1 (8cf496087c8f)
[Subsystems] Discovering subsystems at path /Applications/Unity/Hub/Editor/6000.4.0f1/Unity.app/Contents/Resources/UnitySubsystems
[Subsystems] Discovering subsystems at path /Users/louis/git/louis/Playbook/Assets
Forcing GfxDevice: Metal
GfxDevice: creating device client; kGfxThreadingModeNonThreaded
 preferred device: Apple M4 Max (high power)
Metal devices available: 1
0: Apple M4 Max (high power)
Using device Apple M4 Max (high power)
Initializing Metal device caps: Apple M4 Max
Mac GPU Family: 2
Apple GPU Family: 9
MSL Version: 3.0
Has Float MSAA: 1
Has Float Filtering: 1
ReadWrite Texture Tier: 2
Initialize mono
Mono path[0] = '/Applications/Unity/Hub/Editor/6000.4.0f1/Unity.app/Contents/Resources/Scripting/Managed'
Mono path[1] = '/Applications/Unity/Hub/Editor/6000.4.0f1/Unity.app/Contents/Resources/Scripting/MonoBleedingEdge/lib/mono/unityjit-macos'
Mono config path = '/Applications/Unity/Hub/Editor/6000.4.0f1/Unity.app/Contents/Resources/Scripting/MonoBleedingEdge/etc'
Using monoOptions --debugger-agent=transport=dt_socket,embedding=1,server=y,suspend=n,address=127.0.0.1:56359
CodeReloadManager initialized
Begin MonoManager ReloadAssembly
Registering precompiled unity dll's ...
Register platform support module: /Applications/Unity/Hub/Editor/6000.4.0f1/PlaybackEngines/WebGLSupport/UnityEditor.WebGL.Extensions.dll
Register platform support module: /Applications/Unity/Hub/Editor/6000.4.0f1/Unity.app/Contents/PlaybackEngines/MacStandaloneSupport/UnityEditor.OSXStandalone.Extensions.dll
Registered in 0.000304 seconds.
Native extension for OSXStandalone target not found
Native extension for WebGL target not found
[Licensing::Client] Handshaking with LicensingClient:
  Version:                 1.18.1+9fbee8e
  Session Id:              a3e3679cb1cf4d4f960114433952130e
  Correlation Id:          edd23dc48f4313e2a8b4b7db8158a5c4
  External correlation Id: 4456664946045699742
  Machine Id:              VAYnRw6XWkh9rWv/epKwm6yM3A0=
[Licensing::Module] Successfully connected to LicensingClient on channel: "LicenseClient-louis" (connect: 0.00s, validation: 0.00s, handshake: 0.75s)
[Licensing::IpcConnector] Successfully connected to: "LicenseClient-louis-notifications" at "2026-04-01T21:56:22.051499Z"
[Licensing::Module] Licensing Background thread has ended after 0.75s
Package Manager log level set to [2]
[Package Manager] Failed to launch server process. Reason: Unity was launched with the -noUpm command-line argument
[Package Manager] Unable to send message (not connected to server process).
[Package Manager] Cannot connect to Unity Package Manager local server
ScheduleIndexationOnStartup MainProcess:False IndexOnStartup:True
Mono: successfully reloaded assembly
- Finished resetting the current domain, in  0.197 seconds
Domain Reload Profiling: 401ms
	BeginReloadAssembly (43ms)
	RebuildCommonClasses (20ms)
	RebuildNativeTypeToScriptingClass (7ms)
	initialDomainReloadingComplete (26ms)
	LoadAllAssembliesAndSetupDomain (107ms)
		LoadAssemblies (43ms)
		AnalyzeDomain (102ms)
			TypeCache.Refresh (102ms)
				TypeCache.ScanAssembly (94ms)
	FinalizeReload (197ms)
		SetupLoadedEditorAssemblies (0ms)
			InitializePlatformSupportModulesInManaged (22ms)
			BeforeProcessingInitializeOnLoad (45ms)
			ProcessInitializeOnLoadAttributes (53ms)
			ProcessInitializeOnLoadMethodAttributes (38ms)
[CoreBusinessMetrics] Unexpected thread when updating session info.
========================================================================
Worker process is ready to serve import requests
Import Worker Mode flag is 0x00
Begin MonoManager ReloadAssembly
[Licensing::Client] Successfully resolved entitlement details
[Licensing::Module] License group:
  Id: 5772609466601-UnityPersXXXX
  Product: Unity Personal
  Type: Assigned
  Expiration: Unlimited
Assembly Assembly-CSharp-Editor-firstpass.dll at Library/ScriptAssemblies/Assembly-CSharp-Editor-firstpass.dll not valid. Loading of assembly skipped.
Assembly Assembly-CSharp-Editor.dll at Library/ScriptAssemblies/Assembly-CSharp-Editor.dll not valid. Loading of assembly skipped.
Assembly Assembly-CSharp-firstpass.dll at Library/ScriptAssemblies/Assembly-CSharp-firstpass.dll not valid. Loading of assembly skipped.
Assembly DocCodeExamples.dll at Library/ScriptAssemblies/DocCodeExamples.dll not valid. Loading of assembly skipped.
Assembly TestNewCustomAssembly.dll at Library/ScriptAssemblies/TestNewCustomAssembly.dll not valid. Loading of assembly skipped.
Assembly Unity.2D.Animation.EditorTests.dll at Library/ScriptAssemblies/Unity.2D.Animation.EditorTests.dll not valid. Loading of assembly skipped.
Assembly Unity.2D.Aseprite.EditorTests.dll at Library/ScriptAssemblies/Unity.2D.Aseprite.EditorTests.dll not valid. Loading of assembly skipped.
Assembly Unity.2D.Common.EditorTests.dll at Library/ScriptAssemblies/Unity.2D.Common.EditorTests.dll not valid. Loading of assembly skipped.
Assembly Unity.2D.Psdimporter.EditorTests.dll at Library/ScriptAssemblies/Unity.2D.Psdimporter.EditorTests.dll not valid. Loading of assembly skipped.
Assembly Unity.2D.Sprite.Package.EditorTests.dll at Library/ScriptAssemblies/Unity.2D.Sprite.Package.EditorTests.dll not valid. Loading of assembly skipped.
Assembly Unity.2D.SpriteShape.EditorTests.dll at Library/ScriptAssemblies/Unity.2D.SpriteShape.EditorTests.dll not valid. Loading of assembly skipped.
Assembly Unity.2D.Tilemap.Package.EditorTests.dll at Library/ScriptAssemblies/Unity.2D.Tilemap.Package.EditorTests.dll not valid. Loading of assembly skipped.
Assembly Unity.Collections.BurstCompatibilityGen.dll at Library/ScriptAssemblies/Unity.Collections.BurstCompatibilityGen.dll not valid. Loading of assembly skipped.
Assembly Unity.Collections.DocCodeSamples.dll at Library/ScriptAssemblies/Unity.Collections.DocCodeSamples.dll not valid. Loading of assembly skipped.
Assembly Unity.Collections.PerformanceTests.dll at Library/ScriptAssemblies/Unity.Collections.PerformanceTests.dll not valid. Loading of assembly skipped.
Assembly Unity.Collections.Tests.dll at Library/ScriptAssemblies/Unity.Collections.Tests.dll not valid. Loading of assembly skipped.
Assembly Unity.Collections.Tests.Playmode.dll at Library/ScriptAssemblies/Unity.Collections.Tests.Playmode.dll not valid. Loading of assembly skipped.
Assembly Unity.InputSystem.IntegrationTests.dll at Library/ScriptAssemblies/Unity.InputSystem.IntegrationTests.dll not valid. Loading of assembly skipped.
Assembly Unity.Mathematics.Tests.dll at Library/ScriptAssemblies/Unity.Mathematics.Tests.dll not valid. Loading of assembly skipped.
Assembly Unity.Multiplayer.Center.Editor.Tests.dll at Library/ScriptAssemblies/Unity.Multiplayer.Center.Editor.Tests.dll not valid. Loading of assembly skipped.
Assembly Unity.Multiplayer.Center.Tests.dll at Library/ScriptAssemblies/Unity.Multiplayer.Center.Tests.dll not valid. Loading of assembly skipped.
Assembly Unity.Nuget.Mono-Cecil.dll at Library/ScriptAssemblies/Unity.Nuget.Mono-Cecil.dll not valid. Loading of assembly skipped.
Assembly Unity.PathTracing.Editor.Tests.dll at Library/ScriptAssemblies/Unity.PathTracing.Editor.Tests.dll not valid. Loading of assembly skipped.
Assembly Unity.PathTracing.Runtime.Tests.dll at Library/ScriptAssemblies/Unity.PathTracing.Runtime.Tests.dll not valid. Loading of assembly skipped.
Assembly Unity.RenderPipelines.Core.Editor.Tests.dll at Library/ScriptAssemblies/Unity.RenderPipelines.Core.Editor.Tests.dll not valid. Loading of assembly skipped.
Assembly Unity.RenderPipelines.Core.Runtime.Tests.dll at Library/ScriptAssemblies/Unity.RenderPipelines.Core.Runtime.Tests.dll not valid. Loading of assembly skipped.
Assembly Unity.RenderPipelines.Universal.Config.Editor.Tests.dll at Library/ScriptAssemblies/Unity.RenderPipelines.Universal.Config.Editor.Tests.dll not valid. Loading of assembly skipped.
Assembly Unity.RenderPipelines.Universal.Editor.Tests.dll at Library/ScriptAssemblies/Unity.RenderPipelines.Universal.Editor.Tests.dll not valid. Loading of assembly skipped.
Assembly Unity.RenderPipelines.Universal.Runtime.Tests.dll at Library/ScriptAssemblies/Unity.RenderPipelines.Universal.Runtime.Tests.dll not valid. Loading of assembly skipped.
Assembly Unity.Searcher.EditorTests.dll at Library/ScriptAssemblies/Unity.Searcher.EditorTests.dll not valid. Loading of assembly skipped.
Assembly Unity.ShaderGraph.Editor.Tests.dll at Library/ScriptAssemblies/Unity.ShaderGraph.Editor.Tests.dll not valid. Loading of assembly skipped.
Assembly Unity.TextMeshPro.Editor.Tests.dll at Library/ScriptAssemblies/Unity.TextMeshPro.Editor.Tests.dll not valid. Loading of assembly skipped.
Assembly Unity.TextMeshPro.Tests.dll at Library/ScriptAssemblies/Unity.TextMeshPro.Tests.dll not valid. Loading of assembly skipped.
Assembly Unity.UnifiedRayTracing.Editor.Tests.dll at Library/ScriptAssemblies/Unity.UnifiedRayTracing.Editor.Tests.dll not valid. Loading of assembly skipped.
Assembly UnityEditor.UI.Common.Tests.dll at Library/ScriptAssemblies/UnityEditor.UI.Common.Tests.dll not valid. Loading of assembly skipped.
Assembly UnityEditor.UI.EditorTests.dll at Library/ScriptAssemblies/UnityEditor.UI.EditorTests.dll not valid. Loading of assembly skipped.
Assembly UnityEngine.UI.Tests.dll at Library/ScriptAssemblies/UnityEngine.UI.Tests.dll not valid. Loading of assembly skipped.
Native extension for OSXStandalone target not found
Native extension for WebGL target not found
[Package Manager] Failed to launch server process. Reason: Unity was launched with the -noUpm command-line argument
[Package Manager] Unable to send message (not connected to server process).
[Package Manager] Cannot connect to Unity Package Manager local server
[Package Manager] Failed to launch server process. Reason: Unity was launched with the -noUpm command-line argument
[Package Manager] Unable to send message (not connected to server process).
[Package Manager] Cannot connect to Unity Package Manager local server
ScheduleIndexationOnStartup MainProcess:False IndexOnStartup:True
Mono: successfully reloaded assembly
- Finished resetting the current domain, in  0.377 seconds
Domain Reload Profiling: 766ms
	BeginReloadAssembly (64ms)
		DisableScriptedObjects (3ms)
		CreateAndSetChildDomain (11ms)
	RebuildCommonClasses (20ms)
	RebuildNativeTypeToScriptingClass (8ms)
	initialDomainReloadingComplete (29ms)
	LoadAllAssembliesAndSetupDomain (269ms)
		LoadAssemblies (164ms)
		AnalyzeDomain (133ms)
			TypeCache.Refresh (101ms)
				TypeCache.ScanAssembly (92ms)
			BuildScriptInfoCaches (26ms)
			ResolveRequiredComponents (5ms)
	FinalizeReload (377ms)
		SetupLoadedEditorAssemblies (0ms)
			BeforeProcessingInitializeOnLoad (74ms)
			ProcessInitializeOnLoadAttributes (164ms)
			ProcessInitializeOnLoadMethodAttributes (62ms)
WARNING: Shader Unsupported: 'Universal Render Pipeline/VR/SpatialMapping/Wireframe' - All subshaders removed
WARNING: Shader Did you use #pragma only_renderers and omit this platform?
WARNING: Shader If subshaders removal was intentional, you may have forgotten turning Fallback off?
Shader Hidden/ChartRasterizerHardware is not supported: GPU does not support conservative rasterization
Shader Hidden/ChartRasterizerHardware is not supported: GPU does not support conservative rasterization
Launching external process: /Applications/Unity/Hub/Editor/6000.4.0f1/Unity.app/Contents/Helpers/UnityShaderCompiler
Launched and connected shader compiler UnityShaderCompiler after 0.02 seconds
Unloading 26 Unused Serialized files (Serialized files now loaded: 0)
Unloading 7022 unused Assets / (5.0 MB). Loaded Objects now: 7852.
Memory consumption went from 164.5 MB to 159.5 MB.
Total: 5.381375 ms (FindLiveObjects: 0.372125 ms CreateObjectMapping: 0.158834 ms MarkObjects: 3.822625 ms  DeleteObjects: 1.027500 ms)

========================================================================
Received Import Request.
  Time since last request: 100918.857343 seconds.
  path: Assets/Sprites/kenney_sportsPack/PNG/Red/characterRed (14).png
  importAddress: Guid(9b51ce236adab4ec3901909f2577b349) Importer(2089858483,b0f066a214c2f5e87bad3c948f4d605d)
Start importing Assets/Sprites/kenney_sportsPack/PNG/Red/characterRed (14).png using Guid(9b51ce236adab4ec3901909f2577b349) Importer(2089858483,b0f066a214c2f5e87bad3c948f4d605d) (ScriptedImporter) -> (Import Result ID: '1ed470e3f4b67c6d05f1f4dec7db8abb') in 0.047775625 seconds [static and dynamic dependencies]. Details - ImportResultOutputID=56c8a703e9eb7e20ca5a896598b3218c DependenciesID=d7fcca9f5e46cadbe44061005281d3f2 StaticDependenciesID=8236de90ebaa055f01b4f2b61d4823e2 
Number of updated asset objects reloaded before import = 0Number of asset objects unloaded after import = 3

========================================================================
Received Import Request.
  Time since last request: 0.000045 seconds.
  path: Assets/Sprites/Palettes/Equipment/elements_26.asset
  importAddress: Guid(8947164b2910e4347bb8dd3a92a5474d) Importer(2089858483,b0f066a214c2f5e87bad3c948f4d605d)
Start importing Assets/Sprites/Palettes/Equipment/elements_26.asset using Guid(8947164b2910e4347bb8dd3a92a5474d) Importer(2089858483,b0f066a214c2f5e87bad3c948f4d605d) (ScriptedImporter) -> (Import Result ID: 'c542a20b5ab0acb9cf658b9caafe3b6c') in 0.01051575 seconds [static and dynamic dependencies]. Details - ImportResultOutputID=18ac25c82d164e0354ae1835a66329de DependenciesID=cebf13f612f176d925ab5e4d20358a24 StaticDependenciesID=fa75323b32ab5f749463f75f4d99e049 
Number of updated asset objects reloaded before import = 0Number of asset objects unloaded after import = 2

========================================================================
Received Import Request.
  Time since last request: 0.000045 seconds.
  path: Assets/Sprites/kenney_sportsPack/PNG/Green/characterGreen (12).png
  importAddress: Guid(f2e020f8e3e4841bdaa85b2cf1e0630d) Importer(2089858483,b0f066a214c2f5e87bad3c948f4d605d)
Start importing Assets/Sprites/kenney_sportsPack/PNG/Green/characterGreen (12).png using Guid(f2e020f8e3e4841bdaa85b2cf1e0630d) Importer(2089858483,b0f066a214c2f5e87bad3c948f4d605d) (ScriptedImporter) -> (Import Result ID: '598859f6c4dc3d2b39210cd4924acced') in 0.003016875 seconds [static and dynamic dependencies]. Details - ImportResultOutputID=0da462b30bef4160011a8a6831b3e419 DependenciesID=86aeb70b7069a2f0544c3bdafba8b41a StaticDependenciesID=7040ee02677a6747af17b082288a5bf1 
Number of updated asset objects reloaded before import = 0Number of asset objects unloaded after import = 3

========================================================================
Received Import Request.
  Time since last request: 0.000031 seconds.
  path: Assets/Sprites/kenney_sportsPack/Vector/groundBeige_red.swf
  importAddress: Guid(6a39004cddf284f14b69c145fb7b3f13) Importer(2089858483,b0f066a214c2f5e87bad3c948f4d605d)
Start importing Assets/Sprites/kenney_sportsPack/Vector/groundBeige_red.swf using Guid(6a39004cddf284f14b69c145fb7b3f13) Importer(2089858483,b0f066a214c2f5e87bad3c948f4d605d) (ScriptedImporter) -> (Import Result ID: '8c5b4d1a798ab68e18af2b8b56a51b82') in 0.001312458 seconds [static and dynamic dependencies]. Details - ImportResultOutputID=41296131c34fd01ff7abc631e952942a DependenciesID=7890c9e27799b14190f3a196d66ee062 StaticDependenciesID=53dab6efde71bdc21f92bd5aff2ae852 
Number of updated asset objects reloaded before import = 0Number of asset objects unloaded after import = 1

========================================================================
Received Import Request.
  Time since last request: 0.000038 seconds.
  path: Assets/Sprites/kenney_sportsPack/PNG/Equipment/ball_tennis1.png
  importAddress: Guid(c19cffb7e64194995a3b742a1515585d) Importer(2089858483,b0f066a214c2f5e87bad3c948f4d605d)
Start importing Assets/Sprites/kenney_sportsPack/PNG/Equipment/ball_tennis1.png using Guid(c19cffb7e64194995a3b742a1515585d) Importer(2089858483,b0f066a214c2f5e87bad3c948f4d605d) (ScriptedImporter) -> (Import Result ID: 'b0e9ce20de76aaa2150d617426e1bc28') in 0.0029165 seconds [static and dynamic dependencies]. Details - ImportResultOutputID=fdf5522e5e2c371849d221464d7791c9 DependenciesID=76da62ecfaf7daa795e6deb34c83ce88 StaticDependenciesID=a181eedabaf9eed29ca169119cb43f42 
Number of updated asset objects reloaded before import = 0Number of asset objects unloaded after import = 3

========================================================================
Received Import Request.
  Time since last request: 0.000038 seconds.
  path: Assets/Sprites/Palettes/PitchAndLines/groundGrass_mownWide_29.asset
  importAddress: Guid(bb029c450dce342fd8eba26b5a41f0f2) Importer(2089858483,b0f066a214c2f5e87bad3c948f4d605d)
Start importing Assets/Sprites/Palettes/PitchAndLines/groundGrass_mownWide_29.asset using Guid(bb029c450dce342fd8eba26b5a41f0f2) Importer(2089858483,b0f066a214c2f5e87bad3c948f4d605d) (ScriptedImporter) -> (Import Result ID: 'dcde1cb78a9c4b9b353f1dd2e991c24e') in 0.002237167 seconds [static and dynamic dependencies]. Details - ImportResultOutputID=d5a94b22dc76a28780a15269be3f1432 DependenciesID=1904293cafc0a4ea787350c2a112a2c3 StaticDependenciesID=f3b045b4a38adfe3eaa888d071caa090 
Number of updated asset objects reloaded before import = 0Number of asset objects unloaded after import = 2

========================================================================
Received Import Request.
  Time since last request: 0.000031 seconds.
  path: Assets/Sprites/Palettes/PitchAndLines/groundGrass_mownWide_115.asset
  importAddress: Guid(df1cd438d283d40ee8e247dc7c757ba3) Importer(2089858483,b0f066a214c2f5e87bad3c948f4d605d)
Start importing Assets/Sprites/Palettes/PitchAndLines/groundGrass_mownWide_115.asset using Guid(df1cd438d283d40ee8e247dc7c757ba3) Importer(2089858483,b0f066a214c2f5e87bad3c948f4d605d) (ScriptedImporter) -> (Import Result ID: 'f343ae0aac4f012b021016c6ac71b929') in 0.001915 seconds [static and dynamic dependencies]. Details - ImportResultOutputID=16e52a36fda4b5ddcb68358ead75b6a6 DependenciesID=5218099495e97b6dfd24f5c633ef919f StaticDependenciesID=ddcfe1293e9defe963c62da30df6107c 
Number of updated asset objects reloaded before import = 0Number of asset objects unloaded after import = 2

========================================================================
Received Import Request.
  Time since last request: 0.000026 seconds.
  path: Assets/Sprites/kenney_sportsPack/PNG/Elements/element (53).png
  importAddress: Guid(dbc1c6debded8444ead6719dc1d2b63e) Importer(2089858483,b0f066a214c2f5e87bad3c948f4d605d)
Start importing Assets/Sprites/kenney_sportsPack/PNG/Elements/element (53).png using Guid(dbc1c6debded8444ead6719dc1d2b63e) Importer(2089858483,b0f066a214c2f5e87bad3c948f4d605d) (ScriptedImporter) -> (Import Result ID: '98f4f45d371d5553c6d8733ff374001c') in 0.00353775 seconds [static and dynamic dependencies]. Details - ImportResultOutputID=6e75f4b1da7f4a180cc8626acffa1637 DependenciesID=83c501babfead6fec5ae5dad22a98b56 StaticDependenciesID=1cde144ea63621432489cf81476d7525 
Number of updated asset objects reloaded before import = 0Number of asset objects unloaded after import = 3

========================================================================
Received Import Request.
  Time since last request: 0.000034 seconds.
  path: Assets/Sprites/Palettes/PitchAndLines/groundGrass_mownWide_93.asset
  importAddress: Guid(3b1b5dec60d384e0e8190b52de63a0e0) Importer(2089858483,b0f066a214c2f5e87bad3c948f4d605d)
Start importing Assets/Sprites/Palettes/PitchAndLines/groundGrass_mownWide_93.asset using Guid(3b1b5dec60d384e0e8190b52de63a0e0) Importer(2089858483,b0f066a214c2f5e87bad3c948f4d605d) (ScriptedImporter) -> (Import Result ID: 'b9b3bae5122c7544cd1a7a79c1a2ce5b') in 0.00171025 seconds [static and dynamic dependencies]. Details - ImportResultOutputID=f7b83acc1d08f54b90aaf87f12c0e909 DependenciesID=cce234826416b29f7a6cf45b9b0c7588 StaticDependenciesID=cf2edeb92c53ef5ebacb03e69540b3df 
Number of updated asset objects reloaded before import = 0Number of asset objects unloaded after import = 2

========================================================================
Received Import Request.
  Time since last request: 0.000221 seconds.
  path: Assets/Sprites/kenney_sportsPack/PNG/Equipment/ball_soccer4.png
  importAddress: Guid(8fc5ba459c1764e6bafb130d30e77264) Importer(2089858483,b0f066a214c2f5e87bad3c948f4d605d)
Start importing Assets/Sprites/kenney_sportsPack/PNG/Equipment/ball_soccer4.png using Guid(8fc5ba459c1764e6bafb130d30e77264) Importer(2089858483,b0f066a214c2f5e87bad3c948f4d605d) (ScriptedImporter) -> (Import Result ID: '865051c5948bd422d4902467d492ccc3') in 0.003108417 seconds [static and dynamic dependencies]. Details - ImportResultOutputID=95179ebcc79d4bc34c3507edf8e6d4f4 DependenciesID=b7c5422696ced00e2f268b185282355b StaticDependenciesID=5b7f8c6f242922cd7f54d9f84f98271b 
Number of updated asset objects reloaded before import = 0Number of asset objects unloaded after import = 3

========================================================================
Received Import Request.
  Time since last request: 0.000040 seconds.
  path: Assets/Sprites/kenney_sportsPack/PNG/Green/characterGreen (5).png
  importAddress: Guid(89a7c774632f74dedbd8f44393a2370d) Importer(2089858483,b0f066a214c2f5e87bad3c948f4d605d)
Start importing Assets/Sprites/kenney_sportsPack/PNG/Green/characterGreen (5).png using Guid(89a7c774632f74dedbd8f44393a2370d) Importer(2089858483,b0f066a214c2f5e87bad3c948f4d605d) (ScriptedImporter) -> (Import Result ID: 'b4df13b5b2cb18d7b19cebea3ad97e4f') in 0.00274125 seconds [static and dynamic dependencies]. Details - ImportResultOutputID=75a521233652637ed9740dcdf785bbb8 DependenciesID=daa9944c1fc028685097b50592afeea0 StaticDependenciesID=d97ea2e78a11a1eb50dda2bfad43a5c1 
Number of updated asset objects reloaded before import = 0Number of asset objects unloaded after import = 3

========================================================================
Received Import Request.
  Time since last request: 0.000044 seconds.
  path: Assets/Sprites/kenney_sportsPack/PNG/Equipment/card_white.png
  importAddress: Guid(2cc908a709e994249b2a448f7c19ee09) Importer(2089858483,b0f066a214c2f5e87bad3c948f4d605d)
Start importing Assets/Sprites/kenney_sportsPack/PNG/Equipment/card_white.png using Guid(2cc908a709e994249b2a448f7c19ee09) Importer(2089858483,b0f066a214c2f5e87bad3c948f4d605d) (ScriptedImporter) -> (Import Result ID: 'dc3750e6c662c826cd5564192cf8cc68') in 0.002880959 seconds [static and dynamic dependencies]. Details - ImportResultOutputID=7d5459304bd1a3e8ba749ffead46dadd DependenciesID=1afcf22385aee7f9ad21298cff780c3c StaticDependenciesID=26b3d3f3f0895e4927027db60b60ed95 
Number of updated asset objects reloaded before import = 0Number of asset objects unloaded after import = 3

========================================================================
Received Import Request.
  Time since last request: 0.000026 seconds.
  path: Assets/Sprites/kenney_sportsPack/PNG/Elements/element (16).png
  importAddress: Guid(b68230bbd7384422a8b9ecc79e8c4f4d) Importer(2089858483,b0f066a214c2f5e87bad3c948f4d605d)
Start importing Assets/Sprites/kenney_sportsPack/PNG/Elements/element (16).png using Guid(b68230bbd7384422a8b9ecc79e8c4f4d) Importer(2089858483,b0f066a214c2f5e87bad3c948f4d605d) (ScriptedImporter) -> (Import Result ID: '9a6e15de6ecf4d8f6908b87dc2e0d0f3') in 0.003344125 seconds [static and dynamic dependencies]. Details - ImportResultOutputID=b6292115b36c71efada099acab30ab8f DependenciesID=c37934c3b156db7123194826becea19d StaticDependenciesID=699a39dfa4dcb193b53154e7d333c175 
Number of updated asset objects reloaded before import = 0Number of asset objects unloaded after import = 3

========================================================================
Received Import Request.
  Time since last request: 0.000044 seconds.
  path: Assets/Sprites/kenney_sportsPack/PNG/Red/characterRed (8).png
  importAddress: Guid(9bfbc24e3fea748f5a0946769c239677) Importer(2089858483,b0f066a214c2f5e87bad3c948f4d605d)
Start importing Assets/Sprites/kenney_sportsPack/PNG/Red/characterRed (8).png using Guid(9bfbc24e3fea748f5a0946769c239677) Importer(2089858483,b0f066a214c2f5e87bad3c948f4d605d) (ScriptedImporter) -> (Import Result ID: '178e491ef39baedc30ee05521207aab0') in 0.0029385 seconds [static and dynamic dependencies]. Details - ImportResultOutputID=5ac76a02d250f8369d30ed4332331177 DependenciesID=8ff667d55f4dc24d192861503faa0a52 StaticDependenciesID=dd4953b4834ed212246dabed8562b99f 
Number of updated asset objects reloaded before import = 0Number of asset objects unloaded after import = 3

========================================================================
Received Import Request.
  Time since last request: 0.000030 seconds.
  path: Assets/Sprites/kenney_sportsPack/PNG/Elements/element (12).png
  importAddress: Guid(4599a3d6611014ce0a518d7708bb4ad1) Importer(2089858483,b0f066a214c2f5e87bad3c948f4d605d)
Start importing Assets/Sprites/kenney_sportsPack/PNG/Elements/element (12).png using Guid(4599a3d6611014ce0a518d7708bb4ad1) Importer(2089858483,b0f066a214c2f5e87bad3c948f4d605d) (ScriptedImporter) -> (Import Result ID: 'a92819d2937747e8aefff22b9bc9c781') in 0.002834125 seconds [static and dynamic dependencies]. Details - ImportResultOutputID=3d69bd9a615fbde0067d151eee9cd33c DependenciesID=ed67757089e8bfaa273aa65f051a21c6 StaticDependenciesID=0ac7954ae8aab17c6de6a8b906c3e889 
Number of updated asset objects reloaded before import = 0Number of asset objects unloaded after import = 3

========================================================================
Received Import Request.
  Time since last request: 0.000039 seconds.
  path: Assets/Sprites/kenney_sportsPack/PNG/Red/characterRed (1).png
  importAddress: Guid(adac0437d93bd4a59aaf2a151edf49f8) Importer(2089858483,b0f066a214c2f5e87bad3c948f4d605d)
Start importing Assets/Sprites/kenney_sportsPack/PNG/Red/characterRed (1).png using Guid(adac0437d93bd4a59aaf2a151edf49f8) Importer(2089858483,b0f066a214c2f5e87bad3c948f4d605d) (ScriptedImporter) -> (Import Result ID: '976542e7abdc85229225789cbc8240c6') in 0.002887666 seconds [static and dynamic dependencies]. Details - ImportResultOutputID=1e6fa29972f237a302ba713b9013f81d DependenciesID=92edc9a5288235749b661e76488d5e7f StaticDependenciesID=ad6e27c95496286d5d1497b0a9326ec9 
Number of updated asset objects reloaded before import = 0Number of asset objects unloaded after import = 3

========================================================================
Received Import Request.
  Time since last request: 0.000049 seconds.
  path: Assets/Sprites/Palettes/PitchAndLines/groundGrass_mownWide_127.asset
  importAddress: Guid(51a63c4aa19c84594852a40a709f9e6a) Importer(2089858483,b0f066a214c2f5e87bad3c948f4d605d)
Start importing Assets/Sprites/Palettes/PitchAndLines/groundGrass_mownWide_127.asset using Guid(51a63c4aa19c84594852a40a709f9e6a) Importer(2089858483,b0f066a214c2f5e87bad3c948f4d605d) (ScriptedImporter) -> (Import Result ID: '2618fd76bd9334bb59a95ca3e0aa8679') in 0.001848375 seconds [static and dynamic dependencies]. Details - ImportResultOutputID=38ef6047886db9d26ab2ba30d067436c DependenciesID=b1d4f0afc8cc83d7012e870a696d4aff StaticDependenciesID=dd62e1241396102ea882674b201e9f16 
Number of updated asset objects reloaded before import = 0Number of asset objects unloaded after import = 2

========================================================================
Received Import Request.
  Time since last request: 0.000036 seconds.
  path: Assets/Sprites/Palettes/PitchAndLines/groundGrass_mownWide_137.asset
  importAddress: Guid(9f39aa603ceca47508c1b4c837189e5d) Importer(2089858483,b0f066a214c2f5e87bad3c948f4d605d)
Start importing Assets/Sprites/Palettes/PitchAndLines/groundGrass_mownWide_137.asset using Guid(9f39aa603ceca47508c1b4c837189e5d) Importer(2089858483,b0f066a214c2f5e87bad3c948f4d605d) (ScriptedImporter) -> (Import Result ID: 'fd8d99551a2a37bd1ebbcd4b305b298e') in 0.002459209 seconds [static and dynamic dependencies]. Details - ImportResultOutputID=a17bcd551f5719e2a8acefe4f8dbb853 DependenciesID=7ad883b778f8c99a70d32457c227e01b StaticDependenciesID=1089c09be804833adf27bdfaa603c11e 
Number of updated asset objects reloaded before import = 0Number of asset objects unloaded after import = 2

========================================================================
Received Import Request.
  Time since last request: 0.000035 seconds.
  path: Assets/Sprites/Palettes/Equipment/elements_24.asset
  importAddress: Guid(aed91fbab81904441bea23013ed9612f) Importer(2089858483,b0f066a214c2f5e87bad3c948f4d605d)
Start importing Assets/Sprites/Palettes/Equipment/elements_24.asset using Guid(aed91fbab81904441bea23013ed9612f) Importer(2089858483,b0f066a214c2f5e87bad3c948f4d605d) (ScriptedImporter) -> (Import Result ID: '5805992b3cdbdcfc1b5a36b7157aec0a') in 0.001751583 seconds [static and dynamic dependencies]. Details - ImportResultOutputID=af2669c08b1b2da314316dbe22be46e3 DependenciesID=1d2b78c3c7638958752afe4e25b00eaa StaticDependenciesID=30e93b50e2c2a6e055e2a4b9e2cfad49 
Number of updated asset objects reloaded before import = 0Number of asset objects unloaded after import = 2

========================================================================
Received Import Request.
  Time since last request: 0.000037 seconds.
  path: Assets/Sprites/Palettes/PitchAndLines/groundGrass_mownWide_148.asset
  importAddress: Guid(0702b1803cbcd4dd998fac1a0b435509) Importer(2089858483,b0f066a214c2f5e87bad3c948f4d605d)
Start importing Assets/Sprites/Palettes/PitchAndLines/groundGrass_mownWide_148.asset using Guid(0702b1803cbcd4dd998fac1a0b435509) Importer(2089858483,b0f066a214c2f5e87bad3c948f4d605d) (ScriptedImporter) -> (Import Result ID: '49c01a68e257967e8efc3f7439c4007f') in 0.002033375 seconds [static and dynamic dependencies]. Details - ImportResultOutputID=0df99eb910f64c6daf6144c33a1b4afb DependenciesID=a47649d845ca0851a891cab8f4f1837b StaticDependenciesID=afda684ed85795ac6298e4773a94362d 
Number of updated asset objects reloaded before import = 0Number of asset objects unloaded after import = 2

========================================================================
Received Import Request.
  Time since last request: 0.000039 seconds.
  path: Assets/Sprites/kenney_sportsPack/PNG/Elements/element (72).png
  importAddress: Guid(8bfad0a1d83604a23b79ae8a2b3a988e) Importer(2089858483,b0f066a214c2f5e87bad3c948f4d605d)
Start importing Assets/Sprites/kenney_sportsPack/PNG/Elements/element (72).png using Guid(8bfad0a1d83604a23b79ae8a2b3a988e) Importer(2089858483,b0f066a214c2f5e87bad3c948f4d605d) (ScriptedImporter) -> (Import Result ID: 'a045e1da004aaf007696e2a6c86aad72') in 0.003237834 seconds [static and dynamic dependencies]. Details - ImportResultOutputID=0a8b3961182d4a799571dd89c12f853c DependenciesID=1d1bb0809430392cf953f8bea077be97 StaticDependenciesID=553518d17fdb490942d719dbc89a4123 
Number of updated asset objects reloaded before import = 0Number of asset objects unloaded after import = 3

========================================================================
Received Import Request.
  Time since last request: 0.000025 seconds.
  path: Assets/Sprites/Palettes/PitchAndLines/groundGrass_mownWide_36.asset
  importAddress: Guid(b4cad3bde96404b0fa1ddbeadc4d9db6) Importer(2089858483,b0f066a214c2f5e87bad3c948f4d605d)
Start importing Assets/Sprites/Palettes/PitchAndLines/groundGrass_mownWide_36.asset using Guid(b4cad3bde96404b0fa1ddbeadc4d9db6) Importer(2089858483,b0f066a214c2f5e87bad3c948f4d605d) (ScriptedImporter) -> (Import Result ID: '0981393a9aa4257a6152b2fbfd4a46e3') in 0.002003958 seconds [static and dynamic dependencies]. Details - ImportResultOutputID=98d8982a69567903d4ef1971d8fd28be DependenciesID=4cdabd33f2149cb730a60488771cd243 StaticDependenciesID=ae6345a3a9aca66b973ef82a96282174 
Number of updated asset objects reloaded before import = 0Number of asset objects unloaded after import = 2

========================================================================
Received Import Request.
  Time since last request: 0.000042 seconds.
  path: Assets/Sprites/kenney_sportsPack/PNG/Elements/element (42).png
  importAddress: Guid(ca854eeaf2520447e9c86a02ebba20cc) Importer(2089858483,b0f066a214c2f5e87bad3c948f4d605d)
Start importing Assets/Sprites/kenney_sportsPack/PNG/Elements/element (42).png using Guid(ca854eeaf2520447e9c86a02ebba20cc) Importer(2089858483,b0f066a214c2f5e87bad3c948f4d605d) (ScriptedImporter) -> (Import Result ID: 'a8a638fd71a5f8d24bf1d70390d54620') in 0.002543542 seconds [static and dynamic dependencies]. Details - ImportResultOutputID=4afab765bc197d80e3bf06737bcfb415 DependenciesID=bf67d2d9bd1f6907dc74ff64b1372320 StaticDependenciesID=7dbcf6d2a7bb0bcc4eb955f0c5987b5a 
Number of updated asset objects reloaded before import = 0Number of asset objects unloaded after import = 3

========================================================================
Received Import Request.
  Time since last request: 0.000024 seconds.
  path: Assets/Sprites
  importAddress: Guid(00432aae2a5444deab460ad1ee1abe6d) Importer(2089858483,b0f066a214c2f5e87bad3c948f4d605d)
Start importing Assets/Sprites using Guid(00432aae2a5444deab460ad1ee1abe6d) Importer(2089858483,b0f066a214c2f5e87bad3c948f4d605d) (ScriptedImporter) -> (Import Result ID: '06d55795d5000a34487056ed4571304f') in 0.001189583 seconds [static and dynamic dependencies]. Details - ImportResultOutputID=339b34df3788618e27d6299424018b21 DependenciesID=c66593618b7264e5a5e86fad858c28c7 StaticDependenciesID=a5dd95fc99c147a0939c3f38ed8ac5cf 
Number of updated asset objects reloaded before import = 0Number of asset objects unloaded after import = 1

========================================================================
Received Import Request.
  Time since last request: 0.000041 seconds.
  path: Assets/Sprites/Palettes/Equipment/elements_13.asset
  importAddress: Guid(763d108356e494676961ccd9bbfcdb1d) Importer(2089858483,b0f066a214c2f5e87bad3c948f4d605d)
Start importing Assets/Sprites/Palettes/Equipment/elements_13.asset using Guid(763d108356e494676961ccd9bbfcdb1d) Importer(2089858483,b0f066a214c2f5e87bad3c948f4d605d) (ScriptedImporter) -> (Import Result ID: '685958fda7cba82bcd576a32ee514a47') in 0.001793875 seconds [static and dynamic dependencies]. Details - ImportResultOutputID=e2d38a7dd3cf969aa42f41206e41c436 DependenciesID=0bf32172c08613a1ee83907a96a0eb5c StaticDependenciesID=822fbb7064afc7cba3d99cf9984b1591 
Number of updated asset objects reloaded before import = 0Number of asset objects unloaded after import = 2

========================================================================
Received Import Request.
  Time since last request: 0.000029 seconds.
  path: Assets/Sprites/Palettes/PitchAndLines/groundGrass_mownWide_30.asset
  importAddress: Guid(657ef303b72b54ddfad421ef7f9564ff) Importer(2089858483,b0f066a214c2f5e87bad3c948f4d605d)
Start importing Assets/Sprites/Palettes/PitchAndLines/groundGrass_mownWide_30.asset using Guid(657ef303b72b54ddfad421ef7f9564ff) Importer(2089858483,b0f066a214c2f5e87bad3c948f4d605d) (ScriptedImporter) -> (Import Result ID: '0c6a13fbc57d389acd6c2afad328f932') in 0.002048416 seconds [static and dynamic dependencies]. Details - ImportResultOutputID=ea0a7a700bacb9e14ef813a94c3c6db1 DependenciesID=53fce0cfd16d2befeb6d1011305d43e1 StaticDependenciesID=4ec7a95f9449cdcddfaba51985fad16f 
Number of updated asset objects reloaded before import = 0Number of asset objects unloaded after import = 2

========================================================================
Received Import Request.
  Time since last request: 0.000030 seconds.
  path: Assets/Sprites/Palettes/PitchAndLines/groundGrass_mownWide_189.asset
  importAddress: Guid(fccf970db55ab44e38d9868486113e3e) Importer(2089858483,b0f066a214c2f5e87bad3c948f4d605d)
Start importing Assets/Sprites/Palettes/PitchAndLines/groundGrass_mownWide_189.asset using Guid(fccf970db55ab44e38d9868486113e3e) Importer(2089858483,b0f066a214c2f5e87bad3c948f4d605d) (ScriptedImporter) -> (Import Result ID: 'b76499158e71f46d98803f3934190bcc') in 0.001986792 seconds [static and dynamic dependencies]. Details - ImportResultOutputID=1e135f966bc3cf2639dfb3ae28a863a4 DependenciesID=715633a26005f475b466c47394f05726 StaticDependenciesID=946a54da47a14a3fb13ee547436b8c1f 
Number of updated asset objects reloaded before import = 0Number of asset objects unloaded after import = 2

========================================================================
Received Import Request.
  Time since last request: 0.000028 seconds.
  path: Assets/Sprites/Palettes/PitchAndLines/groundGrass_mownWide_73.asset
  importAddress: Guid(f7e696dede6b74cf681a7b6ae82326e7) Importer(2089858483,b0f066a214c2f5e87bad3c948f4d605d)
Start importing Assets/Sprites/Palettes/PitchAndLines/groundGrass_mownWide_73.asset using Guid(f7e696dede6b74cf681a7b6ae82326e7) Importer(2089858483,b0f066a214c2f5e87bad3c948f4d605d) (ScriptedImporter) -> (Import Result ID: '5eb2a48ed3d32421d9a4fc9b593b801a') in 0.001880042 seconds [static and dynamic dependencies]. Details - ImportResultOutputID=eff640e3526f7604f18a0feb68697db6 DependenciesID=e1695009d03f5a81a5f16c66cbba28ca StaticDependenciesID=75f0f28327f53add2295326e8c3eb0a8 
Number of updated asset objects reloaded before import = 0Number of asset objects unloaded after import = 2

========================================================================
Received Import Request.
  Time since last request: 0.000032 seconds.
  path: Assets/Sprites/Palettes/Equipment/elements_58.asset
  importAddress: Guid(119730544944e4a9fa298c5dbe52ab43) Importer(2089858483,b0f066a214c2f5e87bad3c948f4d605d)
Start importing Assets/Sprites/Palettes/Equipment/elements_58.asset using Guid(119730544944e4a9fa298c5dbe52ab43) Importer(2089858483,b0f066a214c2f5e87bad3c948f4d605d) (ScriptedImporter) -> (Import Result ID: '8a3c610b82019ca2b28681ebae784267') in 0.002590083 seconds [static and dynamic dependencies]. Details - ImportResultOutputID=d9198b12ddde07494ea895b13da3143c DependenciesID=f00bcfbde0fff6588a4aba7b8aa5777f StaticDependenciesID=58d3c9bb4820870a7d221606a7c305c3 
Number of updated asset objects reloaded before import = 0Number of asset objects unloaded after import = 2

========================================================================
Received Import Request.
  Time since last request: 0.000041 seconds.
  path: Assets/Sprites/Palettes/Equipment/elements_47.asset
  importAddress: Guid(be46909c8bc314184bc787cfe35958bf) Importer(2089858483,b0f066a214c2f5e87bad3c948f4d605d)
Start importing Assets/Sprites/Palettes/Equipment/elements_47.asset using Guid(be46909c8bc314184bc787cfe35958bf) Importer(2089858483,b0f066a214c2f5e87bad3c948f4d605d) (ScriptedImporter) -> (Import Result ID: '224e0905a62aa5bc7c7cf9c7360ccf2c') in 0.001861875 seconds [static and dynamic dependencies]. Details - ImportResultOutputID=0fb3b3d55d5e50949bb80a9f722dbe6d DependenciesID=92293712a62d0e7ce412396cd82257f8 StaticDependenciesID=a3a91c1fd529610222e4669f47ece4fc 
Number of updated asset objects reloaded before import = 0Number of asset objects unloaded after import = 2

========================================================================
Received Import Request.
  Time since last request: 0.000027 seconds.
  path: Assets/Sprites/kenney_sportsPack/PNG/Elements/element (2).png
  importAddress: Guid(455b15cb14eb14d859819e6851d703d0) Importer(2089858483,b0f066a214c2f5e87bad3c948f4d605d)
Start importing Assets/Sprites/kenney_sportsPack/PNG/Elements/element (2).png using Guid(455b15cb14eb14d859819e6851d703d0) Importer(2089858483,b0f066a214c2f5e87bad3c948f4d605d) (ScriptedImporter) -> (Import Result ID: '056e7aaefe237b0576e883eadb14cab7') in 0.002805166 seconds [static and dynamic dependencies]. Details - ImportResultOutputID=a37b0f80d5108be1c60c72e6f1b7de98 DependenciesID=2edf16a1833fbd024d2df12d9ea92583 StaticDependenciesID=b038de685bd7926cf10f700a2db90a1b 
Number of updated asset objects reloaded before import = 0Number of asset objects unloaded after import = 3

========================================================================
Received Import Request.
  Time since last request: 0.000038 seconds.
  path: Assets/Sprites/Palettes/PitchAndLines/groundGrass_mownWide_91.asset
  importAddress: Guid(6a809c9a275db46efab27a012e057100) Importer(2089858483,b0f066a214c2f5e87bad3c948f4d605d)
Start importing Assets/Sprites/Palettes/PitchAndLines/groundGrass_mownWide_91.asset using Guid(6a809c9a275db46efab27a012e057100) Importer(2089858483,b0f066a214c2f5e87bad3c948f4d605d) (ScriptedImporter) -> (Import Result ID: 'ccc75f345c87630b3cc876be524de9d9') in 0.001810833 seconds [static and dynamic dependencies]. Details - ImportResultOutputID=d73640ecb743ba2472a1b43fa16cc695 DependenciesID=4219859afe84ad256240e544b79bf074 StaticDependenciesID=3debd9c9f73f1d3ed8021c848584c4aa 
Number of updated asset objects reloaded before import = 0Number of asset objects unloaded after import = 2

========================================================================
Received Import Request.
  Time since last request: 0.000040 seconds.
  path: Assets/Sprites/kenney_sportsPack/Sample2.png
  importAddress: Guid(6b3b4a56ddf674fe59b49e4070feb87b) Importer(2089858483,b0f066a214c2f5e87bad3c948f4d605d)
Start importing Assets/Sprites/kenney_sportsPack/Sample2.png using Guid(6b3b4a56ddf674fe59b49e4070feb87b) Importer(2089858483,b0f066a214c2f5e87bad3c948f4d605d) (ScriptedImporter) -> (Import Result ID: 'ef683bde39ff79757b8716822fb1dd8f') in 0.003344834 seconds [static and dynamic dependencies]. Details - ImportResultOutputID=c31dd9763df29cd4b0fecbffc5d0e199 DependenciesID=f14d78d2a5756e21eda86ebd73da25c0 StaticDependenciesID=9e529ca1e03e29a72efd59d9166cfd32 
Number of updated asset objects reloaded before import = 0Number of asset objects unloaded after import = 3

========================================================================
Received Import Request.
  Time since last request: 0.000021 seconds.
  path: Assets/Sprites/Palettes/PitchAndLines/groundGrass_mownWide_97.asset
  importAddress: Guid(0be229400296c40abbf1a2b30429c280) Importer(2089858483,b0f066a214c2f5e87bad3c948f4d605d)
Start importing Assets/Sprites/Palettes/PitchAndLines/groundGrass_mownWide_97.asset using Guid(0be229400296c40abbf1a2b30429c280) Importer(2089858483,b0f066a214c2f5e87bad3c948f4d605d) (ScriptedImporter) -> (Import Result ID: '44548efcc60bbec63671c9a7a546c0bd') in 0.001613375 seconds [static and dynamic dependencies]. Details - ImportResultOutputID=fa83d0cae8fc163b1be7edcc14266c2e DependenciesID=e84b68b61ab671572709a5aa6d5992d8 StaticDependenciesID=5d14444a5a4f8f9fe9ada434f316d939 
Number of updated asset objects reloaded before import = 0Number of asset objects unloaded after import = 2

========================================================================
Received Import Request.
  Time since last request: 0.000034 seconds.
  path: Assets/Sprites/Palettes/Equipment/elements_21.asset
  importAddress: Guid(31778e443a9d44de5af623621a9a930b) Importer(2089858483,b0f066a214c2f5e87bad3c948f4d605d)
Start importing Assets/Sprites/Palettes/Equipment/elements_21.asset using Guid(31778e443a9d44de5af623621a9a930b) Importer(2089858483,b0f066a214c2f5e87bad3c948f4d605d) (ScriptedImporter) -> (Import Result ID: 'c5472ed6eccf2a999b4e8f1e17fa8bd6') in 0.00178375 seconds [static and dynamic dependencies]. Details - ImportResultOutputID=9088d777c6c5ddf36e46edb2b048bdbb DependenciesID=1e202380722587168a41d4cdf2385079 StaticDependenciesID=ea58efa8fd05b9008450996c14daa9df 
Number of updated asset objects reloaded before import = 0Number of asset objects unloaded after import = 2

========================================================================
Received Import Request.
  Time since last request: 0.000040 seconds.
  path: Assets/Sprites/kenney_sportsPack/PNG/Elements/element (32).png
  importAddress: Guid(ad3e56c886f25434b84c7a306fe6da0f) Importer(2089858483,b0f066a214c2f5e87bad3c948f4d605d)
Start importing Assets/Sprites/kenney_sportsPack/PNG/Elements/element (32).png using Guid(ad3e56c886f25434b84c7a306fe6da0f) Importer(2089858483,b0f066a214c2f5e87bad3c948f4d605d) (ScriptedImporter) -> (Import Result ID: '1a0537bac1956d56500364ddefcb2ae0') in 0.003544333 seconds [static and dynamic dependencies]. Details - ImportResultOutputID=7293fe38975e8789251369f3b3dcaea0 DependenciesID=9ec22ef525146fa62bf4aa1001f7f38f StaticDependenciesID=ac646dee8a4448a374e8549024aee95d 
Number of updated asset objects reloaded before import = 0Number of asset objects unloaded after import = 3

========================================================================
Received Import Request.
  Time since last request: 0.000029 seconds.
  path: Assets/Sprites/kenney_sportsPack/PNG/Special
  importAddress: Guid(2e05503dccea14f32a5a190a45abaf6c) Importer(2089858483,b0f066a214c2f5e87bad3c948f4d605d)
Start importing Assets/Sprites/kenney_sportsPack/PNG/Special using Guid(2e05503dccea14f32a5a190a45abaf6c) Importer(2089858483,b0f066a214c2f5e87bad3c948f4d605d) (ScriptedImporter) -> (Import Result ID: 'f118d2ac1e6e9e53328aae661cdb7dc5') in 0.001085834 seconds [static and dynamic dependencies]. Details - ImportResultOutputID=cdf6b879d7e7e972f1b74c16f4cd88df DependenciesID=878eb3c4e1f67099c08480403bbee0d2 StaticDependenciesID=2fb030ac2d3d2a8fe9286931561e7f51 
Number of updated asset objects reloaded before import = 0Number of asset objects unloaded after import = 1

========================================================================
Received Import Request.
  Time since last request: 0.000036 seconds.
  path: Assets/Sprites/Palettes/PitchAndLines/groundGrass_mownWide_118.asset
  importAddress: Guid(0b07d5bd89e8c4d3ba1605717030d896) Importer(2089858483,b0f066a214c2f5e87bad3c948f4d605d)
Start importing Assets/Sprites/Palettes/PitchAndLines/groundGrass_mownWide_118.asset using Guid(0b07d5bd89e8c4d3ba1605717030d896) Importer(2089858483,b0f066a214c2f5e87bad3c948f4d605d) (ScriptedImporter) -> (Import Result ID: '2dd107bed4c11c30abb7d54c89551250') in 0.001823083 seconds [static and dynamic dependencies]. Details - ImportResultOutputID=cf59201e84fdca12ce58e8f11e3dc3c2 DependenciesID=65a5d58db01703e2d94cf2fdbeab581e StaticDependenciesID=9b22348e8d01067e0cd61e9cdf1693ee 
Number of updated asset objects reloaded before import = 0Number of asset objects unloaded after import = 2

========================================================================
Received Import Request.
  Time since last request: 0.000032 seconds.
  path: Assets/Sprites/Palettes/PitchAndLines/groundGrass_mownWide_122.asset
  importAddress: Guid(f2a400fc0b05d453fbdb79d54bacf88a) Importer(2089858483,b0f066a214c2f5e87bad3c948f4d605d)
Start importing Assets/Sprites/Palettes/PitchAndLines/groundGrass_mownWide_122.asset using Guid(f2a400fc0b05d453fbdb79d54bacf88a) Importer(2089858483,b0f066a214c2f5e87bad3c948f4d605d) (ScriptedImporter) -> (Import Result ID: '5e8203259b5920bd87e078423919dd88') in 0.001731125 seconds [static and dynamic dependencies]. Details - ImportResultOutputID=1f4beda419fee9c666349311fc597228 DependenciesID=91379827ad2158be3200e693767f522d StaticDependenciesID=675f582dc5e886482ed0b96120e9d4d5 
Number of updated asset objects reloaded before import = 0Number of asset objects unloaded after import = 2

========================================================================
Received Import Request.
  Time since last request: 0.000029 seconds.
  path: Assets/Sprites/kenney_sportsPack/PNG/Elements/element (23).png
  importAddress: Guid(ebad445522d3b40c1a6761515350d93a) Importer(2089858483,b0f066a214c2f5e87bad3c948f4d605d)
Start importing Assets/Sprites/kenney_sportsPack/PNG/Elements/element (23).png using Guid(ebad445522d3b40c1a6761515350d93a) Importer(2089858483,b0f066a214c2f5e87bad3c948f4d605d) (ScriptedImporter) -> (Import Result ID: '6d942e5c0d94b79ae3166c34abe9572c') in 0.002860083 seconds [static and dynamic dependencies]. Details - ImportResultOutputID=5996131eae8d9961157409389e222178 DependenciesID=17dfd3a2aae8790c03145eaa4f7846b9 StaticDependenciesID=123c148e28ad87041121091d2161b6c1 
Number of updated asset objects reloaded before import = 0Number of asset objects unloaded after import = 3

========================================================================
Received Import Request.
  Time since last request: 0.000039 seconds.
  path: Assets/Sprites/Palettes/PitchAndLines/groundGrass_mownWide_149.asset
  importAddress: Guid(402ee55c6ae4d4c37aecbc3f2cac5d9e) Importer(2089858483,b0f066a214c2f5e87bad3c948f4d605d)
Start importing Assets/Sprites/Palettes/PitchAndLines/groundGrass_mownWide_149.asset using Guid(402ee55c6ae4d4c37aecbc3f2cac5d9e) Importer(2089858483,b0f066a214c2f5e87bad3c948f4d605d) (ScriptedImporter) -> (Import Result ID: '8e2d4bd49b98191dd6884fe645a32de2') in 0.001720666 seconds [static and dynamic dependencies]. Details - ImportResultOutputID=4d540ec477851d6f6da206eb8d20fec7 DependenciesID=364cb041d973389ba9dac0448bc6a292 StaticDependenciesID=78569a5f77267709f565cf26c68a6da3 
Number of updated asset objects reloaded before import = 0Number of asset objects unloaded after import = 2

========================================================================
Received Import Request.
  Time since last request: 0.000030 seconds.
  path: Assets/Sprites/kenney_sportsPack/PNG/Equipment/ball_soccer2.png
  importAddress: Guid(f814ae4e686a34dfaaa007fee374e7a9) Importer(2089858483,b0f066a214c2f5e87bad3c948f4d605d)
Start importing Assets/Sprites/kenney_sportsPack/PNG/Equipment/ball_soccer2.png using Guid(f814ae4e686a34dfaaa007fee374e7a9) Importer(2089858483,b0f066a214c2f5e87bad3c948f4d605d) (ScriptedImporter) -> (Import Result ID: '5b5717b58607cefc54cb1b3411fa4434') in 0.002677708 seconds [static and dynamic dependencies]. Details - ImportResultOutputID=95fa04207f0141d9fde5fbbf890c8f80 DependenciesID=31b58680623878c54070eff6ad600337 StaticDependenciesID=d82883b7cf409b6900f036795fd4d8f6 
Number of updated asset objects reloaded before import = 0Number of asset objects unloaded after import = 3

========================================================================
Received Import Request.
  Time since last request: 0.000030 seconds.
  path: Assets/Sprites/kenney_sportsPack/PNG/Special/characterSpecial (9).png
  importAddress: Guid(0e13947d612204e48adaad99f7e0d35f) Importer(2089858483,b0f066a214c2f5e87bad3c948f4d605d)
Start importing Assets/Sprites/kenney_sportsPack/PNG/Special/characterSpecial (9).png using Guid(0e13947d612204e48adaad99f7e0d35f) Importer(2089858483,b0f066a214c2f5e87bad3c948f4d605d) (ScriptedImporter) -> (Import Result ID: '067d5e250817c601706f249ef3a55487') in 0.0025125 seconds [static and dynamic dependencies]. Details - ImportResultOutputID=6eb7911ca3d81fd5a500d75683f759c3 DependenciesID=49c96c1bbf8289854aed1289eb2964d0 StaticDependenciesID=2ddc4eeb2b0736462a6b001179522f64 
Number of updated asset objects reloaded before import = 0Number of asset objects unloaded after import = 3

========================================================================
Received Import Request.
  Time since last request: 0.000024 seconds.
  path: Assets/Sprites/kenney_sportsPack/PNG/White/characterWhite (7).png
  importAddress: Guid(c7e3920361c174036b92a160d3fea4ae) Importer(2089858483,b0f066a214c2f5e87bad3c948f4d605d)
Start importing Assets/Sprites/kenney_sportsPack/PNG/White/characterWhite (7).png using Guid(c7e3920361c174036b92a160d3fea4ae) Importer(2089858483,b0f066a214c2f5e87bad3c948f4d605d) (ScriptedImporter) -> (Import Result ID: 'c2249c902c5cb556c4ecc079ceeca532') in 0.003594959 seconds [static and dynamic dependencies]. Details - ImportResultOutputID=742af44e0aca2b29b7e17918e1b933e8 DependenciesID=18be1d0ddcc8911df64f57d1df9b8825 StaticDependenciesID=2a582efa00f7fa90bb915772ef32fe88 
Number of updated asset objects reloaded before import = 0Number of asset objects unloaded after import = 3

========================================================================
Received Import Request.
  Time since last request: 0.000032 seconds.
  path: Assets/Sprites/Palettes/Equipment/elements_71.asset
  importAddress: Guid(509e5c23c58eb4c5a9c6077ff383be59) Importer(2089858483,b0f066a214c2f5e87bad3c948f4d605d)
Start importing Assets/Sprites/Palettes/Equipment/elements_71.asset using Guid(509e5c23c58eb4c5a9c6077ff383be59) Importer(2089858483,b0f066a214c2f5e87bad3c948f4d605d) (ScriptedImporter) -> (Import Result ID: '33d14e4c4ba5e4b40b069091b7c6dc2d') in 0.001706209 seconds [static and dynamic dependencies]. Details - ImportResultOutputID=9acfe8150d6c48437f1a4b3eb9c501d1 DependenciesID=21000cb1b73f9c3af47908c3f1561c56 StaticDependenciesID=225957ee2e6609da34a3261118607ee4 
Number of updated asset objects reloaded before import = 0Number of asset objects unloaded after import = 2

========================================================================
Received Import Request.
  Time since last request: 0.000029 seconds.
  path: Assets/Sprites/kenney_sportsPack/PNG/White/characterWhite (14).png
  importAddress: Guid(7117bd141fcb34923990f21758cbd57e) Importer(2089858483,b0f066a214c2f5e87bad3c948f4d605d)
Start importing Assets/Sprites/kenney_sportsPack/PNG/White/characterWhite (14).png using Guid(7117bd141fcb34923990f21758cbd57e) Importer(2089858483,b0f066a214c2f5e87bad3c948f4d605d) (ScriptedImporter) -> (Import Result ID: '5913eb840b679287cedf94718ed1b612') in 0.002815375 seconds [static and dynamic dependencies]. Details - ImportResultOutputID=a1e85d4e0eabf6c7cb52de6f9db39ee3 DependenciesID=e865f505799065e8a91e3ca005cc3265 StaticDependenciesID=6d35d4337452bcbafbd5bf2f9d344651 
Number of updated asset objects reloaded before import = 0Number of asset objects unloaded after import = 3

========================================================================
Received Import Request.
  Time since last request: 0.000020 seconds.
  path: Assets/Sprites/Palettes/PitchAndLines/groundGrass_mownWide_154.asset
  importAddress: Guid(8cb2e6ecbf3984751abf0e8bce9c372d) Importer(2089858483,b0f066a214c2f5e87bad3c948f4d605d)
Start importing Assets/Sprites/Palettes/PitchAndLines/groundGrass_mownWide_154.asset using Guid(8cb2e6ecbf3984751abf0e8bce9c372d) Importer(2089858483,b0f066a214c2f5e87bad3c948f4d605d) (ScriptedImporter) -> (Import Result ID: '7d0e620966b0c322c55e36679797550b') in 0.001670417 seconds [static and dynamic dependencies]. Details - ImportResultOutputID=c2f025ba67f5a49fd1a20e3dfbfb707b DependenciesID=996cbed306431d2f039737f77f1a6d6a StaticDependenciesID=13b1944cff7de8cac52bbbc72da6e844 
Number of updated asset objects reloaded before import = 0Number of asset objects unloaded after import = 2

========================================================================
Received Import Request.
  Time since last request: 0.000053 seconds.
  path: Assets/Sprites/Palettes/PitchAndLines/groundGrass_mownWide_67.asset
  importAddress: Guid(4600ccbf11f1d40dea90055d899b5203) Importer(2089858483,b0f066a214c2f5e87bad3c948f4d605d)
Start importing Assets/Sprites/Palettes/PitchAndLines/groundGrass_mownWide_67.asset using Guid(4600ccbf11f1d40dea90055d899b5203) Importer(2089858483,b0f066a214c2f5e87bad3c948f4d605d) (ScriptedImporter) -> (Import Result ID: '687bd57172aa526e9b60ab4bfa1bd83d') in 0.001665917 seconds [static and dynamic dependencies]. Details - ImportResultOutputID=80a2ec308941a55dac57bb77adb0f16f DependenciesID=d95c660607d85987e85f870e8efb0621 StaticDependenciesID=afe0b67107aa4ff5c888e74dab9bf3d2 
Number of updated asset objects reloaded before import = 0Number of asset objects unloaded after import = 2

========================================================================
Received Import Request.
  Time since last request: 0.000028 seconds.
  path: Assets/Sprites/kenney_sportsPack/PNG/Green
  importAddress: Guid(b6b85c7408fbc4721be3e18cf63a0904) Importer(2089858483,b0f066a214c2f5e87bad3c948f4d605d)
Start importing Assets/Sprites/kenney_sportsPack/PNG/Green using Guid(b6b85c7408fbc4721be3e18cf63a0904) Importer(2089858483,b0f066a214c2f5e87bad3c948f4d605d) (ScriptedImporter) -> (Import Result ID: 'a43b36f1fa07870ea4621fceb8eb8d46') in 0.000909542 seconds [static and dynamic dependencies]. Details - ImportResultOutputID=b1d733568cd9518168d1870abc64d86b DependenciesID=1374009d6b36e801e81438d048b20830 StaticDependenciesID=a0315638b44f0234e4a60759c8e82ac0 
Number of updated asset objects reloaded before import = 0Number of asset objects unloaded after import = 1

========================================================================
Received Import Request.
  Time since last request: 0.000026 seconds.
  path: Assets/Sprites/kenney_sportsPack/PNG/White/characterWhite (9).png
  importAddress: Guid(3b8044d03a2ad4a20b056910899e28d2) Importer(2089858483,b0f066a214c2f5e87bad3c948f4d605d)
Start importing Assets/Sprites/kenney_sportsPack/PNG/White/characterWhite (9).png using Guid(3b8044d03a2ad4a20b056910899e28d2) Importer(2089858483,b0f066a214c2f5e87bad3c948f4d605d) (ScriptedImporter) -> (Import Result ID: '11c6f12524352f0474452156eeeddc89') in 0.002904625 seconds [static and dynamic dependencies]. Details - ImportResultOutputID=ced4fd6c9f50bd99046c98b485dc0cd9 DependenciesID=db00566c96d230b2a6e170a3186fdc9a StaticDependenciesID=ddc26608cffecc02939281fe4875cf48 
Number of updated asset objects reloaded before import = 0Number of asset objects unloaded after import = 3

========================================================================
Received Import Request.
  Time since last request: 0.000038 seconds.
  path: Assets/Sprites/Palettes/PitchAndLines/groundGrass_mownWide_0.asset
  importAddress: Guid(0a694f8b6910a4d33918d34886171e52) Importer(2089858483,b0f066a214c2f5e87bad3c948f4d605d)
Start importing Assets/Sprites/Palettes/PitchAndLines/groundGrass_mownWide_0.asset using Guid(0a694f8b6910a4d33918d34886171e52) Importer(2089858483,b0f066a214c2f5e87bad3c948f4d605d) (ScriptedImporter) -> (Import Result ID: '38a65045a9f510778437589980d8db3f') in 0.001700625 seconds [static and dynamic dependencies]. Details - ImportResultOutputID=02d60f9be0fc21f6aec3dc748d496bde DependenciesID=324ded72331a1fe786ba2eb6417449b7 StaticDependenciesID=30d08995511dae88165bbb86847000ce 
Number of updated asset objects reloaded before import = 0Number of asset objects unloaded after import = 2

========================================================================
Received Import Request.
  Time since last request: 0.000031 seconds.
  path: Assets/Sprites/kenney_sportsPack/PNG/Elements/element (37).png
  importAddress: Guid(bd0f02d4a8f7043d3bdfcf481bc2a2d6) Importer(2089858483,b0f066a214c2f5e87bad3c948f4d605d)
Start importing Assets/Sprites/kenney_sportsPack/PNG/Elements/element (37).png using Guid(bd0f02d4a8f7043d3bdfcf481bc2a2d6) Importer(2089858483,b0f066a214c2f5e87bad3c948f4d605d) (ScriptedImporter) -> (Import Result ID: 'd96bce158f62b056e6c6651138a8f01f') in 0.003462917 seconds [static and dynamic dependencies]. Details - ImportResultOutputID=19510e18e4c35f712447431d940e99d9 DependenciesID=889c580106dbde6db4c3ef1c761e8698 StaticDependenciesID=d9389e9e8f342f73d4098015878ab839 
Number of updated asset objects reloaded before import = 0Number of asset objects unloaded after import = 3

========================================================================
Received Import Request.
  Time since last request: 0.000029 seconds.
  path: Assets/Sprites/kenney_sportsPack/PNG/Equipment/card_red.png
  importAddress: Guid(37d59dec2f47945c789657141c883b62) Importer(2089858483,b0f066a214c2f5e87bad3c948f4d605d)
Start importing Assets/Sprites/kenney_sportsPack/PNG/Equipment/card_red.png using Guid(37d59dec2f47945c789657141c883b62) Importer(2089858483,b0f066a214c2f5e87bad3c948f4d605d) (ScriptedImporter) -> (Import Result ID: '4b59888bc2b03b6b6f62d5b3749f75cb') in 0.003025834 seconds [static and dynamic dependencies]. Details - ImportResultOutputID=a24acc86a2168db24402d64b76e8e298 DependenciesID=78103c1c58f95ab717f3a814e42bf375 StaticDependenciesID=bf1fb322e48b09427d500ed9c4edf376 
Number of updated asset objects reloaded before import = 0Number of asset objects unloaded after import = 3

========================================================================
Received Import Request.
  Time since last request: 0.000029 seconds.
  path: Assets/Sprites/kenney_sportsPack/PNG/Special/characterSpecial (8).png
  importAddress: Guid(7d99890a666eb44648bebca9b44310d1) Importer(2089858483,b0f066a214c2f5e87bad3c948f4d605d)
Start importing Assets/Sprites/kenney_sportsPack/PNG/Special/characterSpecial (8).png using Guid(7d99890a666eb44648bebca9b44310d1) Importer(2089858483,b0f066a214c2f5e87bad3c948f4d605d) (ScriptedImporter) -> (Import Result ID: 'f842518d6f222bb9b89a28c8e96389c4') in 0.0030095 seconds [static and dynamic dependencies]. Details - ImportResultOutputID=87433041f950cd60c26553d3b53dd9ed DependenciesID=82ce40471225fd17237f2765a7c6ddf0 StaticDependenciesID=81855cf1733e2e5f47bdb2f72c98b316 
Number of updated asset objects reloaded before import = 0Number of asset objects unloaded after import = 3

========================================================================
Received Import Request.
  Time since last request: 0.000029 seconds.
  path: Assets/Sprites/kenney_sportsPack/PNG/Elements/element (25).png
  importAddress: Guid(5796c45a7b43a45979a6b76884e77044) Importer(2089858483,b0f066a214c2f5e87bad3c948f4d605d)
Start importing Assets/Sprites/kenney_sportsPack/PNG/Elements/element (25).png using Guid(5796c45a7b43a45979a6b76884e77044) Importer(2089858483,b0f066a214c2f5e87bad3c948f4d605d) (ScriptedImporter) -> (Import Result ID: '4e06b8aaa6cb401d3ed3c96e4777ac8f') in 0.002825334 seconds [static and dynamic dependencies]. Details - ImportResultOutputID=bcf0ddbcfadd7406752684ad168a06e7 DependenciesID=31bd71e223910329854d4855a2904796 StaticDependenciesID=3415dbd33e71d345bd099d0b27c4b951 
Number of updated asset objects reloaded before import = 0Number of asset objects unloaded after import = 3

========================================================================
Received Import Request.
  Time since last request: 0.000029 seconds.
  path: Assets/Sprites/kenney_sportsPack/Vector/groundGrass_mown_vector.svg
  importAddress: Guid(c054351f1d9f64c7d88091e737f223cb) Importer(2089858483,b0f066a214c2f5e87bad3c948f4d605d)
Start importing Assets/Sprites/kenney_sportsPack/Vector/groundGrass_mown_vector.svg using Guid(c054351f1d9f64c7d88091e737f223cb) Importer(2089858483,b0f066a214c2f5e87bad3c948f4d605d) (ScriptedImporter) -> (Import Result ID: '41e1e422be37b665994e6e1380074df7') in 0.00684575 seconds [static and dynamic dependencies]. Details - ImportResultOutputID=01a3ec70c8b0a94e3057f57506a16a38 DependenciesID=4718ea308718e15c57f63e960442d7ea StaticDependenciesID=8a1b7e4b1ae268c7696d9b806213ddba 
Number of updated asset objects reloaded before import = 0Number of asset objects unloaded after import = 1

========================================================================
Received Import Request.
  Time since last request: 0.000029 seconds.
  path: Assets/Sprites/kenney_sportsPack/PNG/Elements/element (75).png
  importAddress: Guid(738ff224ec2584069b3bd8c49d4553f7) Importer(2089858483,b0f066a214c2f5e87bad3c948f4d605d)
Start importing Assets/Sprites/kenney_sportsPack/PNG/Elements/element (75).png using Guid(738ff224ec2584069b3bd8c49d4553f7) Importer(2089858483,b0f066a214c2f5e87bad3c948f4d605d) (ScriptedImporter) -> (Import Result ID: '9533d90eb9fd0545ba7d5e463c590bd3') in 0.002843375 seconds [static and dynamic dependencies]. Details - ImportResultOutputID=133ffb021c2de29059f66ff68ca4d04e DependenciesID=63df544bf394befd1c92d2aa70523dfb StaticDependenciesID=9634d67c4f06a85eb985f030b59d9fa5 
Number of updated asset objects reloaded before import = 0Number of asset objects unloaded after import = 3

========================================================================
Received Import Request.
  Time since last request: 0.000028 seconds.
  path: Assets/Sprites/Palettes/PitchAndLines/groundGrass_mownWide_98.asset
  importAddress: Guid(b44622a63ea35495eb9acd33c2388e6a) Importer(2089858483,b0f066a214c2f5e87bad3c948f4d605d)
Start importing Assets/Sprites/Palettes/PitchAndLines/groundGrass_mownWide_98.asset using Guid(b44622a63ea35495eb9acd33c2388e6a) Importer(2089858483,b0f066a214c2f5e87bad3c948f4d605d) (ScriptedImporter) -> (Import Result ID: 'd8f1a6bf379d262973e3a12e6883aafb') in 0.001671125 seconds [static and dynamic dependencies]. Details - ImportResultOutputID=2fab2d390c4707bd9946ffd2d8398654 DependenciesID=b1cfb8c4b569d194de4bd0ff608f32e1 StaticDependenciesID=7bc7ac5df02c17fa1279703324c903ff 
Number of updated asset objects reloaded before import = 0Number of asset objects unloaded after import = 2

========================================================================
Received Import Request.
  Time since last request: 0.000023 seconds.
  path: Assets/Sprites/kenney_sportsPack/Preview.png
  importAddress: Guid(c16a65cc3874a407eb112c8027921595) Importer(2089858483,b0f066a214c2f5e87bad3c948f4d605d)
Start importing Assets/Sprites/kenney_sportsPack/Preview.png using Guid(c16a65cc3874a407eb112c8027921595) Importer(2089858483,b0f066a214c2f5e87bad3c948f4d605d) (ScriptedImporter) -> (Import Result ID: '97cda17bff529500312d580efc702e96') in 0.00327625 seconds [static and dynamic dependencies]. Details - ImportResultOutputID=2436569be5b75596d3754f5d0e5d1e22 DependenciesID=1ae86ed5d0aaf1753f816e1657b9ca51 StaticDependenciesID=0a0160d3938b63c6ba9c6ae31d3b9aa2 
Number of updated asset objects reloaded before import = 0Number of asset objects unloaded after import = 3

========================================================================
Received Import Request.
  Time since last request: 0.000027 seconds.
  path: Assets/Sprites/Palettes/Equipment/elements_30.asset
  importAddress: Guid(9a866d6a9ca984dfc9ad4191efac70ee) Importer(2089858483,b0f066a214c2f5e87bad3c948f4d605d)
Start importing Assets/Sprites/Palettes/Equipment/elements_30.asset using Guid(9a866d6a9ca984dfc9ad4191efac70ee) Importer(2089858483,b0f066a214c2f5e87bad3c948f4d605d) (ScriptedImporter) -> (Import Result ID: '2a571f4e2f37b52d7912e354a249aafc') in 0.003830542 seconds [static and dynamic dependencies]. Details - ImportResultOutputID=2711ab385814aa289f79b3bc84862d06 DependenciesID=54f4da533262125241ef2374514bb85c StaticDependenciesID=e1ebd8748a6404142c8be10d407bd54f 
Number of updated asset objects reloaded before import = 0Number of asset objects unloaded after import = 2

========================================================================
Received Import Request.
  Time since last request: 0.000034 seconds.
  path: Assets/Sprites/Palettes/PitchAndLines/groundGrass_mownWide_173.asset
  importAddress: Guid(73b7cd1469b6742868e2394b0f147547) Importer(2089858483,b0f066a214c2f5e87bad3c948f4d605d)
Start importing Assets/Sprites/Palettes/PitchAndLines/groundGrass_mownWide_173.asset using Guid(73b7cd1469b6742868e2394b0f147547) Importer(2089858483,b0f066a214c2f5e87bad3c948f4d605d) (ScriptedImporter) -> (Import Result ID: '2bcbb0e78933d52811fc2d79aa2504ac') in 0.001764125 seconds [static and dynamic dependencies]. Details - ImportResultOutputID=4ccef69f12c8582daa52856b907d9ccc DependenciesID=c904349b5d4dc5bc65a3dd2072d77fbc StaticDependenciesID=c85ddceafbf3a1e1d3b727751d57e1d0 
Number of updated asset objects reloaded before import = 0Number of asset objects unloaded after import = 2

========================================================================
Received Import Request.
  Time since last request: 0.000039 seconds.
  path: Assets/Sprites/kenney_sportsPack/PNG/Elements/element (79).png
  importAddress: Guid(f71f25994fe0f423db64cfc13454ac44) Importer(2089858483,b0f066a214c2f5e87bad3c948f4d605d)
Start importing Assets/Sprites/kenney_sportsPack/PNG/Elements/element (79).png using Guid(f71f25994fe0f423db64cfc13454ac44) Importer(2089858483,b0f066a214c2f5e87bad3c948f4d605d) (ScriptedImporter) -> (Import Result ID: '49151bd119e3ee1c50907a2238a1633f') in 0.002992083 seconds [static and dynamic dependencies]. Details - ImportResultOutputID=eb12378448977e6247f3c53d339f74f6 DependenciesID=c1ae255c002acbf10f22c003790fcfa7 StaticDependenciesID=0aaffbd0d48418600d97bf8c4e7125ee 
Number of updated asset objects reloaded before import = 0Number of asset objects unloaded after import = 3

========================================================================
Received Import Request.
  Time since last request: 0.000027 seconds.
  path: Assets/Sprites/kenney_sportsPack/PNG/Elements/element (73).png
  importAddress: Guid(614a19d7aee6e4421a6e0d7a1ec6a223) Importer(2089858483,b0f066a214c2f5e87bad3c948f4d605d)
Start importing Assets/Sprites/kenney_sportsPack/PNG/Elements/element (73).png using Guid(614a19d7aee6e4421a6e0d7a1ec6a223) Importer(2089858483,b0f066a214c2f5e87bad3c948f4d605d) (ScriptedImporter) -> (Import Result ID: '2caa3b0588296d70fda6513dc2e34380') in 0.002801333 seconds [static and dynamic dependencies]. Details - ImportResultOutputID=b407e177ca27de28ce48b7ea8c6b5ae0 DependenciesID=4e0816d913b731104d5dbd8c74f03696 StaticDependenciesID=2ff6ce8df7a04a8c24e477b12b1590bb 
Number of updated asset objects reloaded before import = 0Number of asset objects unloaded after import = 3

========================================================================
Received Import Request.
  Time since last request: 0.000032 seconds.
  path: Assets/Sprites/kenney_sportsPack/PNG/Elements/element (22).png
  importAddress: Guid(1ce6f8c043d5744f6ad30343d4c512d1) Importer(2089858483,b0f066a214c2f5e87bad3c948f4d605d)
Start importing Assets/Sprites/kenney_sportsPack/PNG/Elements/element (22).png using Guid(1ce6f8c043d5744f6ad30343d4c512d1) Importer(2089858483,b0f066a214c2f5e87bad3c948f4d605d) (ScriptedImporter) -> (Import Result ID: '098aec7b02adeb845c826e082e6edb22') in 0.002582334 seconds [static and dynamic dependencies]. Details - ImportResultOutputID=86ddab2c749c37268b2e6ffbc2a6dd22 DependenciesID=185f2bd81f6ca20f545ad4daeee6b318 StaticDependenciesID=4e42adf695787a7db34a74067391b62b 
Number of updated asset objects reloaded before import = 0Number of asset objects unloaded after import = 3

========================================================================
Received Import Request.
  Time since last request: 0.000026 seconds.
  path: Assets/Sprites/Palettes/Equipment/elements_56.asset
  importAddress: Guid(1ff7bcd315ae4450390f066e8cfd3cb6) Importer(2089858483,b0f066a214c2f5e87bad3c948f4d605d)
Start importing Assets/Sprites/Palettes/Equipment/elements_56.asset using Guid(1ff7bcd315ae4450390f066e8cfd3cb6) Importer(2089858483,b0f066a214c2f5e87bad3c948f4d605d) (ScriptedImporter) -> (Import Result ID: '77a9df615817247e54b561e5a7881752') in 0.001676542 seconds [static and dynamic dependencies]. Details - ImportResultOutputID=ccbbc851c2d12cb4508ba2c0aa21df42 DependenciesID=83a93b8919384a81d166b560bc7eb684 StaticDependenciesID=1446a90d43c458bebdce06071e40cfb1 
Number of updated asset objects reloaded before import = 0Number of asset objects unloaded after import = 2

========================================================================
Received Import Request.
  Time since last request: 0.000025 seconds.
  path: Assets/Sprites/kenney_sportsPack/PNG/Green/characterGreen (7).png
  importAddress: Guid(5b1ec635d83104306a55214b27ec165f) Importer(2089858483,b0f066a214c2f5e87bad3c948f4d605d)
Start importing Assets/Sprites/kenney_sportsPack/PNG/Green/characterGreen (7).png using Guid(5b1ec635d83104306a55214b27ec165f) Importer(2089858483,b0f066a214c2f5e87bad3c948f4d605d) (ScriptedImporter) -> (Import Result ID: 'a841f9609a1f21e8fd437083aeb283ee') in 0.0036185 seconds [static and dynamic dependencies]. Details - ImportResultOutputID=66197ace7bd317e815ac3cb947cf80b2 DependenciesID=7ef725a2cacb3048bbca61aaa9b1a66d StaticDependenciesID=939164a1cc7dbb48dea2a86bfbb6dc4e 
Number of updated asset objects reloaded before import = 0Number of asset objects unloaded after import = 3

========================================================================
Received Import Request.
  Time since last request: 0.000032 seconds.
  path: Assets/Sprites/Palettes/PitchAndLines/groundGrass_mownWide_37.asset
  importAddress: Guid(d09f582f0e4ac4f30849cb0524785446) Importer(2089858483,b0f066a214c2f5e87bad3c948f4d605d)
Start importing Assets/Sprites/Palettes/PitchAndLines/groundGrass_mownWide_37.asset using Guid(d09f582f0e4ac4f30849cb0524785446) Importer(2089858483,b0f066a214c2f5e87bad3c948f4d605d) (ScriptedImporter) -> (Import Result ID: 'b7c81dfe0cdb2eabcb088003340b8005') in 0.001853875 seconds [static and dynamic dependencies]. Details - ImportResultOutputID=cdc57db40a6103c4accc9f40124d005a DependenciesID=3003c8fbf156667bf1fe39d91e34894f StaticDependenciesID=15d06e9484b5aabcafbf2a45ab2d5d5f 
Number of updated asset objects reloaded before import = 0Number of asset objects unloaded after import = 2

========================================================================
Received Import Request.
  Time since last request: 0.000037 seconds.
  path: Assets/Sprites/Palettes/PitchAndLines/groundGrass_mownWide_38.asset
  importAddress: Guid(1d3d3e39835ea47bea1e58b89af6abcf) Importer(2089858483,b0f066a214c2f5e87bad3c948f4d605d)
Start importing Assets/Sprites/Palettes/PitchAndLines/groundGrass_mownWide_38.asset using Guid(1d3d3e39835ea47bea1e58b89af6abcf) Importer(2089858483,b0f066a214c2f5e87bad3c948f4d605d) (ScriptedImporter) -> (Import Result ID: 'd890b92a4f25ebe592880c3ff81832f3') in 0.001655416 seconds [static and dynamic dependencies]. Details - ImportResultOutputID=732da331fb0895d8ae3188293a14b3a6 DependenciesID=9e2df131e62a4a5f9caf88e210ca26cb StaticDependenciesID=fe905d0fd6cda7ef8fc26055fbecd6f1 
Number of updated asset objects reloaded before import = 0Number of asset objects unloaded after import = 2

========================================================================
Received Import Request.
  Time since last request: 0.000042 seconds.
  path: Assets/Sprites/Palettes/Equipment/elements_64.asset
  importAddress: Guid(df031873bf5d849d68eaf51ad45c70bf) Importer(2089858483,b0f066a214c2f5e87bad3c948f4d605d)
Start importing Assets/Sprites/Palettes/Equipment/elements_64.asset using Guid(df031873bf5d849d68eaf51ad45c70bf) Importer(2089858483,b0f066a214c2f5e87bad3c948f4d605d) (ScriptedImporter) -> (Import Result ID: 'c2621db13a663bd105ac5c1b0ddf55da') in 0.001777042 seconds [static and dynamic dependencies]. Details - ImportResultOutputID=bb2f2fcf0f849a4084afe002bcc56138 DependenciesID=2e4ed1b2891af80a9d3863c940d1da29 StaticDependenciesID=382cdc6785b427f06a20c16cbee8662b 
Number of updated asset objects reloaded before import = 0Number of asset objects unloaded after import = 2

========================================================================
Received Import Request.
  Time since last request: 0.000027 seconds.
  path: Assets/Sprites/kenney_sportsPack/PNG/Elements/element (57).png
  importAddress: Guid(ef0ec1cb110404ed98e4e4f9aaed5a97) Importer(2089858483,b0f066a214c2f5e87bad3c948f4d605d)
Start importing Assets/Sprites/kenney_sportsPack/PNG/Elements/element (57).png using Guid(ef0ec1cb110404ed98e4e4f9aaed5a97) Importer(2089858483,b0f066a214c2f5e87bad3c948f4d605d) (ScriptedImporter) -> (Import Result ID: 'daa0c06b61584da1277f3067ed4f3a58') in 0.002948583 seconds [static and dynamic dependencies]. Details - ImportResultOutputID=7241e5ea53eb6111b17f5f935b62bafe DependenciesID=4d7f577f03b0ddde0aed21dd4a32461e StaticDependenciesID=bd42878c74e35b4a3fc0d5a98a478d1b 
Number of updated asset objects reloaded before import = 0Number of asset objects unloaded after import = 3

========================================================================
Received Import Request.
  Time since last request: 0.000038 seconds.
  path: Assets/Sprites/kenney_sportsPack/PNG/Elements/element (51).png
  importAddress: Guid(2716301a8bca14238834789c3fd6c755) Importer(2089858483,b0f066a214c2f5e87bad3c948f4d605d)
Start importing Assets/Sprites/kenney_sportsPack/PNG/Elements/element (51).png using Guid(2716301a8bca14238834789c3fd6c755) Importer(2089858483,b0f066a214c2f5e87bad3c948f4d605d) (ScriptedImporter) -> (Import Result ID: '4ba2b1dd59942de723c18b47bbfc6349') in 0.002847791 seconds [static and dynamic dependencies]. Details - ImportResultOutputID=096809632947c5927ecb0f06bd3daad5 DependenciesID=c65283fe234839e6238de64d275b93aa StaticDependenciesID=290d669a2635280c3459b3d6b8ce2f3c 
Number of updated asset objects reloaded before import = 0Number of asset objects unloaded after import = 3

========================================================================
Received Import Request.
  Time since last request: 0.000027 seconds.
  path: Assets/Sprites/kenney_sportsPack/Vector/charactersEquipment.swf
  importAddress: Guid(fe1021bbaf60a45f1b497b139b890659) Importer(2089858483,b0f066a214c2f5e87bad3c948f4d605d)
Start importing Assets/Sprites/kenney_sportsPack/Vector/charactersEquipment.swf using Guid(fe1021bbaf60a45f1b497b139b890659) Importer(2089858483,b0f066a214c2f5e87bad3c948f4d605d) (ScriptedImporter) -> (Import Result ID: '8c7b223b0deef81e792f98782b65457c') in 0.00128775 seconds [static and dynamic dependencies]. Details - ImportResultOutputID=3509ae9d794be11414a309e136aea5b7 DependenciesID=975e438371a97efd80cbe6afad3aebec StaticDependenciesID=a7e1f852d6770d098b90016f0e65ec10 
Number of updated asset objects reloaded before import = 0Number of asset objects unloaded after import = 1

========================================================================
Received Import Request.
  Time since last request: 0.000031 seconds.
  path: Assets/Sprites/kenney_sportsPack/PNG/Elements/element (1).png
  importAddress: Guid(3c664b4ab0fd5424bbcfd665e5befb9c) Importer(2089858483,b0f066a214c2f5e87bad3c948f4d605d)
Start importing Assets/Sprites/kenney_sportsPack/PNG/Elements/element (1).png using Guid(3c664b4ab0fd5424bbcfd665e5befb9c) Importer(2089858483,b0f066a214c2f5e87bad3c948f4d605d) (ScriptedImporter) -> (Import Result ID: 'de6a09ffcc953478cd258a5ad979878e') in 0.003451292 seconds [static and dynamic dependencies]. Details - ImportResultOutputID=f98aac9fe890902b4a9fa3d3972db742 DependenciesID=ab08deba6d8a0b0ca7de28f570b4f95f StaticDependenciesID=548a23bedf41ccb1136753ec92b3a8f3 
Number of updated asset objects reloaded before import = 0Number of asset objects unloaded after import = 3

========================================================================
Received Import Request.
  Time since last request: 0.000028 seconds.
  path: Assets/Sprites/kenney_sportsPack/PNG/Equipment/ball_basket1.png
  importAddress: Guid(793419da0f6964e898e7284cb4a47c5f) Importer(2089858483,b0f066a214c2f5e87bad3c948f4d605d)
Start importing Assets/Sprites/kenney_sportsPack/PNG/Equipment/ball_basket1.png using Guid(793419da0f6964e898e7284cb4a47c5f) Importer(2089858483,b0f066a214c2f5e87bad3c948f4d605d) (ScriptedImporter) -> (Import Result ID: '46d4eb42310da9837bccf804f8d4bfb5') in 0.002755916 seconds [static and dynamic dependencies]. Details - ImportResultOutputID=1ecc85232fe1b8c44315c94a316290a8 DependenciesID=845099d266e6f9fd7284f2356985acf6 StaticDependenciesID=269fc5eabebd6ef6710b9acb34450802 
Number of updated asset objects reloaded before import = 0Number of asset objects unloaded after import = 3

========================================================================
Received Import Request.
  Time since last request: 0.000030 seconds.
  path: Assets/Sprites/kenney_sportsPack/PNG/Equipment/ball_golf.png
  importAddress: Guid(3cd3021d739e6467a9608f1f9f3002ac) Importer(2089858483,b0f066a214c2f5e87bad3c948f4d605d)
Start importing Assets/Sprites/kenney_sportsPack/PNG/Equipment/ball_golf.png using Guid(3cd3021d739e6467a9608f1f9f3002ac) Importer(2089858483,b0f066a214c2f5e87bad3c948f4d605d) (ScriptedImporter) -> (Import Result ID: '8d18dca0d1dc70e1ca73bb331293f3a7') in 0.002901542 seconds [static and dynamic dependencies]. Details - ImportResultOutputID=8ab2432c895ba55e730c48eb9fa58c68 DependenciesID=afdf8e7358db7db38598011fca92e1da StaticDependenciesID=6e537bbbcdf50fcd59cd17e75034a284 
Number of updated asset objects reloaded before import = 0Number of asset objects unloaded after import = 3

========================================================================
Received Import Request.
  Time since last request: 0.000026 seconds.
  path: Assets/Sprites/RugbyBall 1.prefab
  importAddress: Guid(b3d02f5f51b074a14a05fcd768a2db0f) Importer(2089858483,b0f066a214c2f5e87bad3c948f4d605d)
Start importing Assets/Sprites/RugbyBall 1.prefab using Guid(b3d02f5f51b074a14a05fcd768a2db0f) Importer(2089858483,b0f066a214c2f5e87bad3c948f4d605d) (ScriptedImporter) -> (Import Result ID: '3ff4785b11c3175e409df15dafda38f1') in 0.013262917 seconds [static and dynamic dependencies]. Details - ImportResultOutputID=2ec52fc24a6622287dbc9ded8e3d2b94 DependenciesID=5459157329ea0825ab802aa48a828fe1 StaticDependenciesID=0e278969a8cd82924454a6335bc7ba63 
Number of updated asset objects reloaded before import = 0Number of asset objects unloaded after import = 7

========================================================================
Received Import Request.
  Time since last request: 0.000032 seconds.
  path: Assets/Sprites/Palettes/PitchAndLines/groundGrass_mownWide_143.asset
  importAddress: Guid(dcd8a0f658e7944de8ae8269c8d67d20) Importer(2089858483,b0f066a214c2f5e87bad3c948f4d605d)
Start importing Assets/Sprites/Palettes/PitchAndLines/groundGrass_mownWide_143.asset using Guid(dcd8a0f658e7944de8ae8269c8d67d20) Importer(2089858483,b0f066a214c2f5e87bad3c948f4d605d) (ScriptedImporter) -> (Import Result ID: '83d5b1f6890ad43eda38da8c11c0c43a') in 0.001720167 seconds [static and dynamic dependencies]. Details - ImportResultOutputID=eabfe454fa87340cb5fa083e0d6cd62b DependenciesID=90c94a1d8b3b637ba152a2fe03dbd2d5 StaticDependenciesID=70fd8104951c46e25e175b4249ee1170 
Number of updated asset objects reloaded before import = 0Number of asset objects unloaded after import = 2

========================================================================
Received Import Request.
  Time since last request: 0.000029 seconds.
  path: Assets/Sprites/kenney_sportsPack/PNG/White/characterWhite (13).png
  importAddress: Guid(a26773d654016464bbe3bb0922f568f3) Importer(2089858483,b0f066a214c2f5e87bad3c948f4d605d)
Start importing Assets/Sprites/kenney_sportsPack/PNG/White/characterWhite (13).png using Guid(a26773d654016464bbe3bb0922f568f3) Importer(2089858483,b0f066a214c2f5e87bad3c948f4d605d) (ScriptedImporter) -> (Import Result ID: 'be5b0eb02764ae627f3667f347637c42') in 0.002881 seconds [static and dynamic dependencies]. Details - ImportResultOutputID=f3d156cc89828f2afc1ddddcd46d5abe DependenciesID=c7b30280a2512e87fe17505b86931c48 StaticDependenciesID=fa5980f4aee5107598dae4fa5d755ff4 
Number of updated asset objects reloaded before import = 0Number of asset objects unloaded after import = 3

========================================================================
Received Import Request.
  Time since last request: 0.000026 seconds.
  path: Assets/Sprites/kenney_sportsPack/PNG/Green/characterGreen (1).png
  importAddress: Guid(a08611e2b60d1416db903108865747b4) Importer(2089858483,b0f066a214c2f5e87bad3c948f4d605d)
Start importing Assets/Sprites/kenney_sportsPack/PNG/Green/characterGreen (1).png using Guid(a08611e2b60d1416db903108865747b4) Importer(2089858483,b0f066a214c2f5e87bad3c948f4d605d) (ScriptedImporter) -> (Import Result ID: '0bea257c2640467b45751f3e52ed3f1f') in 0.003558459 seconds [static and dynamic dependencies]. Details - ImportResultOutputID=d727e55afb4569a3d363cecad6f829f3 DependenciesID=31a663a2d59987d69787ce78239d2121 StaticDependenciesID=a67452ed23fc0ed5ffa1449e8d4ad0a7 
Number of updated asset objects reloaded before import = 0Number of asset objects unloaded after import = 3

========================================================================
Received Import Request.
  Time since last request: 0.000027 seconds.
  path: Assets/Sprites/Palettes/PitchAndLines/groundGrass_mownWide_183.asset
  importAddress: Guid(7c511ad9ff7ec47e894fc211ebf6add5) Importer(2089858483,b0f066a214c2f5e87bad3c948f4d605d)
Start importing Assets/Sprites/Palettes/PitchAndLines/groundGrass_mownWide_183.asset using Guid(7c511ad9ff7ec47e894fc211ebf6add5) Importer(2089858483,b0f066a214c2f5e87bad3c948f4d605d) (ScriptedImporter) -> (Import Result ID: '80869898c01c48d3011d3208143b4369') in 0.001763125 seconds [static and dynamic dependencies]. Details - ImportResultOutputID=e5a85384d2535b91b8e39712d27c7a82 DependenciesID=fd3a3e2dbe8d4b72bb67bb962265d381 StaticDependenciesID=8a9f9764eee260e8a75dd977f20353dc 
Number of updated asset objects reloaded before import = 0Number of asset objects unloaded after import = 2

========================================================================
Received Import Request.
  Time since last request: 0.000028 seconds.
  path: Assets/Sprites/kenney_sportsPack/Tilesheet/elements.png
  importAddress: Guid(6ebbd462debb74205bd6bb7c96b43e05) Importer(2089858483,b0f066a214c2f5e87bad3c948f4d605d)
Start importing Assets/Sprites/kenney_sportsPack/Tilesheet/elements.png using Guid(6ebbd462debb74205bd6bb7c96b43e05) Importer(2089858483,b0f066a214c2f5e87bad3c948f4d605d) (ScriptedImporter) -> (Import Result ID: 'bf68afd46ca5363a6b2361fa396cf11b') in 0.022296167 seconds [static and dynamic dependencies]. Details - ImportResultOutputID=e4f2315001300b40ab22dd4c359f70bf DependenciesID=f48aaf43ba9fb4f8565bd671f2217524 StaticDependenciesID=2ced40660c13c1f9e271b43eff4d8453 
Number of updated asset objects reloaded before import = 0Number of asset objects unloaded after import = 83

========================================================================
Received Import Request.
  Time since last request: 0.000027 seconds.
  path: Assets/Sprites/kenney_sportsPack/Vector/groundGrass_mownWide_vector.swf
  importAddress: Guid(4efa35a985d69448db2b4722fe0a3aea) Importer(2089858483,b0f066a214c2f5e87bad3c948f4d605d)
Start importing Assets/Sprites/kenney_sportsPack/Vector/groundGrass_mownWide_vector.swf using Guid(4efa35a985d69448db2b4722fe0a3aea) Importer(2089858483,b0f066a214c2f5e87bad3c948f4d605d) (ScriptedImporter) -> (Import Result ID: 'e0976fc6eaa7b91c1fe5ce5ab246fc0d') in 0.001223084 seconds [static and dynamic dependencies]. Details - ImportResultOutputID=eecc4c669f28dd3728c1a930aae973c5 DependenciesID=0ff32a2215068455bdc932874e1df8d3 StaticDependenciesID=478249443fbeb8b202fbeb91ba22b43c 
Number of updated asset objects reloaded before import = 0Number of asset objects unloaded after import = 1

========================================================================
Received Import Request.
  Time since last request: 0.000032 seconds.
  path: Assets/Sprites/Palettes/PitchAndLines/groundGrass_mownWide_66.asset
  importAddress: Guid(fbcd1ccb7842944848d79c77252f3b56) Importer(2089858483,b0f066a214c2f5e87bad3c948f4d605d)
Start importing Assets/Sprites/Palettes/PitchAndLines/groundGrass_mownWide_66.asset using Guid(fbcd1ccb7842944848d79c77252f3b56) Importer(2089858483,b0f066a214c2f5e87bad3c948f4d605d) (ScriptedImporter) -> (Import Result ID: 'd7f466d5f411ecea0e3a76d8d95d3863') in 0.001879417 seconds [static and dynamic dependencies]. Details - ImportResultOutputID=71f76923c6ed3e4d77d012370f553d98 DependenciesID=62420bd80792222a5858e113e1ec34ec StaticDependenciesID=3a6eb111b03cbb0e0539be6d6423ec6c 
Number of updated asset objects reloaded before import = 0Number of asset objects unloaded after import = 2

========================================================================
Received Import Request.
  Time since last request: 0.000033 seconds.
  path: Assets/Sprites/Palettes/PitchAndLines/groundGrass_mownWide_100.asset
  importAddress: Guid(944a110d58fc04a7a8de01b43d3b3b9a) Importer(2089858483,b0f066a214c2f5e87bad3c948f4d605d)
Start importing Assets/Sprites/Palettes/PitchAndLines/groundGrass_mownWide_100.asset using Guid(944a110d58fc04a7a8de01b43d3b3b9a) Importer(2089858483,b0f066a214c2f5e87bad3c948f4d605d) (ScriptedImporter) -> (Import Result ID: '2bcee1c67c09c351c671cd09d9d24949') in 0.002034042 seconds [static and dynamic dependencies]. Details - ImportResultOutputID=bb681663c0dc5ab11f585f727a63e1ce DependenciesID=94bb8541d90eb6ada45c0b49737ea5a4 StaticDependenciesID=9676f764987b8ff564f60a882389a832 
Number of updated asset objects reloaded before import = 0Number of asset objects unloaded after import = 2

========================================================================
Received Import Request.
  Time since last request: 0.000025 seconds.
  path: Assets/Sprites/Palettes/PitchAndLines/groundGrass_mownWide_116.asset
  importAddress: Guid(3d40aa6c2b3be4f24927e792f79e5328) Importer(2089858483,b0f066a214c2f5e87bad3c948f4d605d)
Start importing Assets/Sprites/Palettes/PitchAndLines/groundGrass_mownWide_116.asset using Guid(3d40aa6c2b3be4f24927e792f79e5328) Importer(2089858483,b0f066a214c2f5e87bad3c948f4d605d) (ScriptedImporter) -> (Import Result ID: '823d11ba458557effcf42b8aff33ec14') in 0.002152292 seconds [static and dynamic dependencies]. Details - ImportResultOutputID=796afd67a9adf6f6c3d3d2cce35c46e7 DependenciesID=34a1c0c8a3559cbbe0b7dfb8bfb8f2b9 StaticDependenciesID=640dc81c7e543a600ff6410edc255cc1 
Number of updated asset objects reloaded before import = 0Number of asset objects unloaded after import = 2

========================================================================
Received Import Request.
  Time since last request: 0.000031 seconds.
  path: Assets/Sprites/kenney_sportsPack/PNG/Elements/element (20).png
  importAddress: Guid(1668be2935f984991a0c3f4f9e49db22) Importer(2089858483,b0f066a214c2f5e87bad3c948f4d605d)
Start importing Assets/Sprites/kenney_sportsPack/PNG/Elements/element (20).png using Guid(1668be2935f984991a0c3f4f9e49db22) Importer(2089858483,b0f066a214c2f5e87bad3c948f4d605d) (ScriptedImporter) -> (Import Result ID: '306f78964d9f0baa4bdb905f8e130d97') in 0.003051875 seconds [static and dynamic dependencies]. Details - ImportResultOutputID=974eacf0ed12c36d64ce688160845bb3 DependenciesID=e8fdee48aa66c352e520c8fded86d1e6 StaticDependenciesID=c211519a4cba4e6000c38bad8feef5f1 
Number of updated asset objects reloaded before import = 0Number of asset objects unloaded after import = 3

========================================================================
Received Import Request.
  Time since last request: 0.000028 seconds.
  path: Assets/Sprites/Palettes/Equipment/elements_8.asset
  importAddress: Guid(0eedcc60bc167447da3a965773993b3d) Importer(2089858483,b0f066a214c2f5e87bad3c948f4d605d)
Start importing Assets/Sprites/Palettes/Equipment/elements_8.asset using Guid(0eedcc60bc167447da3a965773993b3d) Importer(2089858483,b0f066a214c2f5e87bad3c948f4d605d) (ScriptedImporter) -> (Import Result ID: '97e3e7b37ffe9ad8d66537fcc9d6acac') in 0.001806292 seconds [static and dynamic dependencies]. Details - ImportResultOutputID=e0e89a84a78354dd7d9e40393a3e2ad5 DependenciesID=2a5808acf06c8bf7041fc11d14f2e6a8 StaticDependenciesID=31b4d85ded424adcebee71e8c27a4fd4 
Number of updated asset objects reloaded before import = 0Number of asset objects unloaded after import = 2

========================================================================
Received Import Request.
  Time since last request: 0.000030 seconds.
  path: Assets/Sprites/kenney_sportsPack/PNG/Green/characterGreen (9).png
  importAddress: Guid(b5436578d5d7c42f98f9c6076df3c9c7) Importer(2089858483,b0f066a214c2f5e87bad3c948f4d605d)
Start importing Assets/Sprites/kenney_sportsPack/PNG/Green/characterGreen (9).png using Guid(b5436578d5d7c42f98f9c6076df3c9c7) Importer(2089858483,b0f066a214c2f5e87bad3c948f4d605d) (ScriptedImporter) -> (Import Result ID: 'b333d1f43a19073faef1ddf27294d793') in 0.002974667 seconds [static and dynamic dependencies]. Details - ImportResultOutputID=a03db9b28d568a9387b58811837416e7 DependenciesID=f90d8b533781d303438e82fc5f8693fe StaticDependenciesID=de2f5867feb877a3f24e1a119e8fabfa 
Number of updated asset objects reloaded before import = 0Number of asset objects unloaded after import = 3

========================================================================
Received Import Request.
  Time since last request: 0.000029 seconds.
  path: Assets/Sprites/kenney_sportsPack/PNG/Special/characterSpecial (6).png
  importAddress: Guid(dac25538e34d8412992f803779dc3084) Importer(2089858483,b0f066a214c2f5e87bad3c948f4d605d)
Start importing Assets/Sprites/kenney_sportsPack/PNG/Special/characterSpecial (6).png using Guid(dac25538e34d8412992f803779dc3084) Importer(2089858483,b0f066a214c2f5e87bad3c948f4d605d) (ScriptedImporter) -> (Import Result ID: 'dc409a91ed58c91dcbb43d2bce889ab1') in 0.002697375 seconds [static and dynamic dependencies]. Details - ImportResultOutputID=9fae5ef298ac21b898cec84b7adaaaba DependenciesID=bef9b21dc998a3b9f62b5532a6ef138a StaticDependenciesID=8a9ce95f054ef19dc1226041af754c3e 
Number of updated asset objects reloaded before import = 0Number of asset objects unloaded after import = 3

========================================================================
Received Import Request.
  Time since last request: 0.000030 seconds.
  path: Assets/Sprites/Palettes/PitchAndLines/groundGrass_mownWide_109.asset
  importAddress: Guid(14d6ee0425e4b4622a06dc95905d63d4) Importer(2089858483,b0f066a214c2f5e87bad3c948f4d605d)
Start importing Assets/Sprites/Palettes/PitchAndLines/groundGrass_mownWide_109.asset using Guid(14d6ee0425e4b4622a06dc95905d63d4) Importer(2089858483,b0f066a214c2f5e87bad3c948f4d605d) (ScriptedImporter) -> (Import Result ID: '8957cf70185117011e39bd97f94c14a9') in 0.001726167 seconds [static and dynamic dependencies]. Details - ImportResultOutputID=5d3a3fc2049293b8ba67f388c734f27f DependenciesID=bd50faa4cc55847a5947091f854ea83b StaticDependenciesID=d345ccca4d6d94aad110e42027c48cf6 
Number of updated asset objects reloaded before import = 0Number of asset objects unloaded after import = 2

========================================================================
Received Import Request.
  Time since last request: 0.000031 seconds.
  path: Assets/Sprites/Palettes/PitchAndLines/groundGrass_mownWide_35.asset
  importAddress: Guid(4498bf6e9702f412c81aaf715e5517cd) Importer(2089858483,b0f066a214c2f5e87bad3c948f4d605d)
Start importing Assets/Sprites/Palettes/PitchAndLines/groundGrass_mownWide_35.asset using Guid(4498bf6e9702f412c81aaf715e5517cd) Importer(2089858483,b0f066a214c2f5e87bad3c948f4d605d) (ScriptedImporter) -> (Import Result ID: 'f9b3776c9f06570d62df7542ee22c875') in 0.001763125 seconds [static and dynamic dependencies]. Details - ImportResultOutputID=9a37f376f50bb1931eca943d2a5fd2cb DependenciesID=27833ab5f90a1eabb4a7c811f77491e8 StaticDependenciesID=ddd80553306f66a7cbfa27006954b123 
Number of updated asset objects reloaded before import = 0Number of asset objects unloaded after import = 2

========================================================================
Received Import Request.
  Time since last request: 0.000026 seconds.
  path: Assets/Sprites/kenney_sportsPack/PNG/Green/characterGreen (3).png
  importAddress: Guid(0cfc639bbe4e74cf499ab82c36da49ba) Importer(2089858483,b0f066a214c2f5e87bad3c948f4d605d)
Start importing Assets/Sprites/kenney_sportsPack/PNG/Green/characterGreen (3).png using Guid(0cfc639bbe4e74cf499ab82c36da49ba) Importer(2089858483,b0f066a214c2f5e87bad3c948f4d605d) (ScriptedImporter) -> (Import Result ID: 'be4b0fb641675eb20ed621bca0226b19') in 0.003492458 seconds [static and dynamic dependencies]. Details - ImportResultOutputID=a7f67e70ad4d4def02eb5a68910eed1d DependenciesID=14e5d7aa732ca667def05a089252ce97 StaticDependenciesID=e4fb839cf13510f644133dcdd78f92de 
Number of updated asset objects reloaded before import = 0Number of asset objects unloaded after import = 3

========================================================================
Received Import Request.
  Time since last request: 0.000036 seconds.
  path: Assets/Sprites/Palettes/PitchAndLines/groundGrass_mownWide_162.asset
  importAddress: Guid(c600078beb2cd469f977ae876232a73a) Importer(2089858483,b0f066a214c2f5e87bad3c948f4d605d)
Start importing Assets/Sprites/Palettes/PitchAndLines/groundGrass_mownWide_162.asset using Guid(c600078beb2cd469f977ae876232a73a) Importer(2089858483,b0f066a214c2f5e87bad3c948f4d605d) (ScriptedImporter) -> (Import Result ID: '743c2920b69a4457e378947323e50cfd') in 0.001709709 seconds [static and dynamic dependencies]. Details - ImportResultOutputID=929c0da2b98abf3f78078420b398a473 DependenciesID=048bc9d6655093db542570383c893d76 StaticDependenciesID=bec5d1251f24b43a78b874e430041dad 
Number of updated asset objects reloaded before import = 0Number of asset objects unloaded after import = 2

========================================================================
Received Import Request.
  Time since last request: 0.000030 seconds.
  path: Assets/Sprites/kenney_sportsPack/PNG/Elements/element (61).png
  importAddress: Guid(a1e6e61edb0254b72bd99fc76b2e2ad8) Importer(2089858483,b0f066a214c2f5e87bad3c948f4d605d)
Start importing Assets/Sprites/kenney_sportsPack/PNG/Elements/element (61).png using Guid(a1e6e61edb0254b72bd99fc76b2e2ad8) Importer(2089858483,b0f066a214c2f5e87bad3c948f4d605d) (ScriptedImporter) -> (Import Result ID: '34efea897c732370ca0c677b8f4fb026') in 0.003931291 seconds [static and dynamic dependencies]. Details - ImportResultOutputID=bc689496b709ff85bfdd260fea197350 DependenciesID=68d27a65fea7ab836ac8efa961763b4c StaticDependenciesID=08bf0b545af07c81da5f92c69cf7c0ab 
Number of updated asset objects reloaded before import = 0Number of asset objects unloaded after import = 3

========================================================================
Received Import Request.
  Time since last request: 0.000038 seconds.
  path: Assets/Sprites/Palettes/PitchAndLines/groundGrass_mownWide_47.asset
  importAddress: Guid(4f4a1e27029914b89aa54a538045138c) Importer(2089858483,b0f066a214c2f5e87bad3c948f4d605d)
Start importing Assets/Sprites/Palettes/PitchAndLines/groundGrass_mownWide_47.asset using Guid(4f4a1e27029914b89aa54a538045138c) Importer(2089858483,b0f066a214c2f5e87bad3c948f4d605d) (ScriptedImporter) -> (Import Result ID: '3e86fc3164de1798b013f2176d509a5b') in 0.002000875 seconds [static and dynamic dependencies]. Details - ImportResultOutputID=bde2c4f78af34d6164ab9ab52ee709c0 DependenciesID=cc6cb89bfb1ea61b6f0f2db4b8a9ad8b StaticDependenciesID=83396f3345a166926c964509d1e5e832 
Number of updated asset objects reloaded before import = 0Number of asset objects unloaded after import = 2

========================================================================
Received Import Request.
  Time since last request: 0.000025 seconds.
  path: Assets/Sprites/Palettes/PitchAndLines/groundGrass_mownWide_81.asset
  importAddress: Guid(236824998fabe431d85a360c005a73b4) Importer(2089858483,b0f066a214c2f5e87bad3c948f4d605d)
Start importing Assets/Sprites/Palettes/PitchAndLines/groundGrass_mownWide_81.asset using Guid(236824998fabe431d85a360c005a73b4) Importer(2089858483,b0f066a214c2f5e87bad3c948f4d605d) (ScriptedImporter) -> (Import Result ID: 'fe13b80efc4b8fc40e9868229a213745') in 0.001747708 seconds [static and dynamic dependencies]. Details - ImportResultOutputID=cf8bb70c82e06baa330e0d777ccc3fd6 DependenciesID=6f988778b3d873ac5ffcd990aa89200f StaticDependenciesID=665e89ce9759d6e28ffe206962eded4a 
Number of updated asset objects reloaded before import = 0Number of asset objects unloaded after import = 2

========================================================================
Received Import Request.
  Time since last request: 0.000027 seconds.
  path: Assets/Sprites/Palettes/PitchAndLines/groundGrass_mownWide_55.asset
  importAddress: Guid(40e9ccbe700c947eb8efdb411ae0d71c) Importer(2089858483,b0f066a214c2f5e87bad3c948f4d605d)
Start importing Assets/Sprites/Palettes/PitchAndLines/groundGrass_mownWide_55.asset using Guid(40e9ccbe700c947eb8efdb411ae0d71c) Importer(2089858483,b0f066a214c2f5e87bad3c948f4d605d) (ScriptedImporter) -> (Import Result ID: 'a768125c02548a798da047f1f0766b51') in 0.001647042 seconds [static and dynamic dependencies]. Details - ImportResultOutputID=c33108a741f23eabf6afd3ab16ece274 DependenciesID=836a3bdaee6a9fbe6dbbc0aae7e72ee3 StaticDependenciesID=a0a69f5aa6e72d1d3312e11205e2ee58 
Number of updated asset objects reloaded before import = 0Number of asset objects unloaded after import = 2

========================================================================
Received Import Request.
  Time since last request: 0.000038 seconds.
  path: Assets/Sprites/Palettes/PitchAndLines/groundGrass_mownWide_179.asset
  importAddress: Guid(b8172814c2cc147e3b307389df984793) Importer(2089858483,b0f066a214c2f5e87bad3c948f4d605d)
Start importing Assets/Sprites/Palettes/PitchAndLines/groundGrass_mownWide_179.asset using Guid(b8172814c2cc147e3b307389df984793) Importer(2089858483,b0f066a214c2f5e87bad3c948f4d605d) (ScriptedImporter) -> (Import Result ID: '2ef9e9d194b60022fb50fa0856e33a75') in 0.001853458 seconds [static and dynamic dependencies]. Details - ImportResultOutputID=e65aa96b8227a4f82966798234a05480 DependenciesID=094cc65de909593be52a0b545dca842e StaticDependenciesID=8c5b5b929f606245d17d9f593e13857c 
Number of updated asset objects reloaded before import = 0Number of asset objects unloaded after import = 2

========================================================================
Received Import Request.
  Time since last request: 0.000036 seconds.
  path: Assets/Sprites/kenney_sportsPack/PNG/Elements/element (80).png
  importAddress: Guid(4d4ee9f4cfe8d4c2499456e61b402226) Importer(2089858483,b0f066a214c2f5e87bad3c948f4d605d)
Start importing Assets/Sprites/kenney_sportsPack/PNG/Elements/element (80).png using Guid(4d4ee9f4cfe8d4c2499456e61b402226) Importer(2089858483,b0f066a214c2f5e87bad3c948f4d605d) (ScriptedImporter) -> (Import Result ID: 'e08d3999f5917bdfe6098ccb266a937a') in 0.002950375 seconds [static and dynamic dependencies]. Details - ImportResultOutputID=21edd44922037d58bafe35c50025c01e DependenciesID=22eed647e61e6848b3788412feea163d StaticDependenciesID=99f419f6fc42112aebd5e6150317b3cf 
Number of updated asset objects reloaded before import = 0Number of asset objects unloaded after import = 3

========================================================================
Received Import Request.
  Time since last request: 0.000033 seconds.
  path: Assets/Sprites/kenney_sportsPack/Tilesheet/groundGrass_mownWide.png
  importAddress: Guid(7a25b3ff2b9434ab3b2e281edcee5da5) Importer(2089858483,b0f066a214c2f5e87bad3c948f4d605d)
Start importing Assets/Sprites/kenney_sportsPack/Tilesheet/groundGrass_mownWide.png using Guid(7a25b3ff2b9434ab3b2e281edcee5da5) Importer(2089858483,b0f066a214c2f5e87bad3c948f4d605d) (ScriptedImporter) -> (Import Result ID: '70e292c4f5f7ba2b4ea417153ed21cc4') in 0.055167167 seconds [static and dynamic dependencies]. Details - ImportResultOutputID=35a2ce80ce43b6f0ebe12ac72182777d DependenciesID=514a1bea63ae2cb0cef6f96f455aed16 StaticDependenciesID=fc13f7a9a0a6b7b35af40f6e09352b1e 
Number of updated asset objects reloaded before import = 0Number of asset objects unloaded after import = 210

========================================================================
Received Import Request.
  Time since last request: 0.000030 seconds.
  path: Assets/Sprites/kenney_sportsPack/PNG/White/characterWhite (12).png
  importAddress: Guid(3f7bc647bf1bd4eada307d692accca4d) Importer(2089858483,b0f066a214c2f5e87bad3c948f4d605d)
Start importing Assets/Sprites/kenney_sportsPack/PNG/White/characterWhite (12).png using Guid(3f7bc647bf1bd4eada307d692accca4d) Importer(2089858483,b0f066a214c2f5e87bad3c948f4d605d) (ScriptedImporter) -> (Import Result ID: '1eee5fa8ea037b04e83a211aaf7a9da4') in 0.003000167 seconds [static and dynamic dependencies]. Details - ImportResultOutputID=70ae05ae8173c7cbbdf28c1297c69e1b DependenciesID=b7e2658edfeeec1473b1d5c74c46cde9 StaticDependenciesID=ed73a6b0cf4c1f91a9cb3aa80a657c4b 
Number of updated asset objects reloaded before import = 0Number of asset objects unloaded after import = 3

========================================================================
Received Import Request.
  Time since last request: 0.000031 seconds.
  path: Assets/Sprites/RugbyBall.png
  importAddress: Guid(7fa0249d8ddef4fd1b335b3be3642170) Importer(2089858483,b0f066a214c2f5e87bad3c948f4d605d)
Start importing Assets/Sprites/RugbyBall.png using Guid(7fa0249d8ddef4fd1b335b3be3642170) Importer(2089858483,b0f066a214c2f5e87bad3c948f4d605d) (ScriptedImporter) -> (Import Result ID: 'cbf4f431274cb683a0dadd596d7e5138') in 0.003442583 seconds [static and dynamic dependencies]. Details - ImportResultOutputID=e6d50709c92a921a39c55da6b4a02c00 DependenciesID=498c65d3c525a2c124e87e5e1b29fc0d StaticDependenciesID=bb07c5315389532edb9eb449690db070 
Number of updated asset objects reloaded before import = 0Number of asset objects unloaded after import = 3

========================================================================
Received Import Request.
  Time since last request: 0.000032 seconds.
  path: Assets/Sprites/Palettes/Equipment/elements_37.asset
  importAddress: Guid(047e2f1c238214f01958997e6fc23274) Importer(2089858483,b0f066a214c2f5e87bad3c948f4d605d)
Start importing Assets/Sprites/Palettes/Equipment/elements_37.asset using Guid(047e2f1c238214f01958997e6fc23274) Importer(2089858483,b0f066a214c2f5e87bad3c948f4d605d) (ScriptedImporter) -> (Import Result ID: '6148d736744cab0cf738d960424dc172') in 0.0017885 seconds [static and dynamic dependencies]. Details - ImportResultOutputID=8b49cf8804a9a5ecd965d0d7b53f8a4f DependenciesID=1a0bd4e7b87e36ead9038cf065f83d2a StaticDependenciesID=f31d184424415d04e072e4038c8f42c3 
Number of updated asset objects reloaded before import = 0Number of asset objects unloaded after import = 2

========================================================================
Received Import Request.
  Time since last request: 0.000037 seconds.
  path: Assets/Sprites/Palettes/PitchAndLines/groundGrass_mownWide_120.asset
  importAddress: Guid(1ab250f1c64c54a43b068015053907d3) Importer(2089858483,b0f066a214c2f5e87bad3c948f4d605d)
Start importing Assets/Sprites/Palettes/PitchAndLines/groundGrass_mownWide_120.asset using Guid(1ab250f1c64c54a43b068015053907d3) Importer(2089858483,b0f066a214c2f5e87bad3c948f4d605d) (ScriptedImporter) -> (Import Result ID: '13ea038f7c658ec47d4b0c0ee1cd6e86') in 0.001714208 seconds [static and dynamic dependencies]. Details - ImportResultOutputID=1cfad8ecd5630a90aebfe38f6be4c1a2 DependenciesID=f8bbf6b2215a181b6d8e9d66db0dec6a StaticDependenciesID=cdfdc67323f5c5323d34d725848513d7 
Number of updated asset objects reloaded before import = 0Number of asset objects unloaded after import = 2

========================================================================
Received Import Request.
  Time since last request: 0.000035 seconds.
  path: Assets/Sprites/kenney_sportsPack/PNG/Equipment/ball_basket2.png
  importAddress: Guid(542c7afd23c2e44769456f7656c662e5) Importer(2089858483,b0f066a214c2f5e87bad3c948f4d605d)
Start importing Assets/Sprites/kenney_sportsPack/PNG/Equipment/ball_basket2.png using Guid(542c7afd23c2e44769456f7656c662e5) Importer(2089858483,b0f066a214c2f5e87bad3c948f4d605d) (ScriptedImporter) -> (Import Result ID: 'ee4dc31a027b6e7c0d2cf5f20179afaf') in 0.003108417 seconds [static and dynamic dependencies]. Details - ImportResultOutputID=5c6cb6668aa0462c4bbfbf2739521f9b DependenciesID=6d307cf085684ff2e3e025f5bbe9b53d StaticDependenciesID=2ed201f17f5d4ea8b282a96d70874e1c 
Number of updated asset objects reloaded before import = 0Number of asset objects unloaded after import = 3

========================================================================
Received Import Request.
  Time since last request: 0.000029 seconds.
  path: Assets/Sprites/Palettes/PitchAndLines/groundGrass_mownWide_175.asset
  importAddress: Guid(28578ce309e5a4b31995563ea330820b) Importer(2089858483,b0f066a214c2f5e87bad3c948f4d605d)
Start importing Assets/Sprites/Palettes/PitchAndLines/groundGrass_mownWide_175.asset using Guid(28578ce309e5a4b31995563ea330820b) Importer(2089858483,b0f066a214c2f5e87bad3c948f4d605d) (ScriptedImporter) -> (Import Result ID: 'f24631330065e811a080093be22f98f9') in 0.001965459 seconds [static and dynamic dependencies]. Details - ImportResultOutputID=88520ca18956591c44e5a21d65d1d791 DependenciesID=60b680c3ed48c5264e5d757c8906a909 StaticDependenciesID=ad7ce8cd0649c3c0fe1ef4be08ee211e 
Number of updated asset objects reloaded before import = 0Number of asset objects unloaded after import = 2

========================================================================
Received Import Request.
  Time since last request: 0.000037 seconds.
  path: Assets/Sprites/Palettes/PitchAndLines/groundGrass_mownWide_106.asset
  importAddress: Guid(27d183696b50e45328b1b5201d8f4e82) Importer(2089858483,b0f066a214c2f5e87bad3c948f4d605d)
Start importing Assets/Sprites/Palettes/PitchAndLines/groundGrass_mownWide_106.asset using Guid(27d183696b50e45328b1b5201d8f4e82) Importer(2089858483,b0f066a214c2f5e87bad3c948f4d605d) (ScriptedImporter) -> (Import Result ID: '80553eac5a518f31b44dbcf305669f2a') in 0.001703583 seconds [static and dynamic dependencies]. Details - ImportResultOutputID=7ab87e5679fa0bb29907e5130d159dfd DependenciesID=1510f59b33b4f49c8fb8b91fe6e8a50f StaticDependenciesID=191d92fa77e116d11b367f18fc641f4e 
Number of updated asset objects reloaded before import = 0Number of asset objects unloaded after import = 2

========================================================================
Received Import Request.
  Time since last request: 0.000050 seconds.
  path: Assets/Sprites/kenney_sportsPack/Vector/groundGravel.swf
  importAddress: Guid(9c48c8ca360ab412d9f3ef8cd51d05cc) Importer(2089858483,b0f066a214c2f5e87bad3c948f4d605d)
Start importing Assets/Sprites/kenney_sportsPack/Vector/groundGravel.swf using Guid(9c48c8ca360ab412d9f3ef8cd51d05cc) Importer(2089858483,b0f066a214c2f5e87bad3c948f4d605d) (ScriptedImporter) -> (Import Result ID: '55bc941078c2d864b77957f0366b5ec2') in 0.001209083 seconds [static and dynamic dependencies]. Details - ImportResultOutputID=b4a1f25f3b94cf2e31bac3d7339b785e DependenciesID=ccdead3329192a4b2370f2dbebb6990a StaticDependenciesID=1608b88c25235ae073073e2227c86707 
Number of updated asset objects reloaded before import = 0Number of asset objects unloaded after import = 1

========================================================================
Received Import Request.
  Time since last request: 0.000031 seconds.
  path: Assets/Sprites/kenney_sportsPack/PNG/Special/characterSpecial (3).png
  importAddress: Guid(14dcfe6b26e9a4e16b84eab0e6efa94e) Importer(2089858483,b0f066a214c2f5e87bad3c948f4d605d)
Start importing Assets/Sprites/kenney_sportsPack/PNG/Special/characterSpecial (3).png using Guid(14dcfe6b26e9a4e16b84eab0e6efa94e) Importer(2089858483,b0f066a214c2f5e87bad3c948f4d605d) (ScriptedImporter) -> (Import Result ID: '9e26fa297d952e5e6da9bc9922db83d7') in 0.0029225 seconds [static and dynamic dependencies]. Details - ImportResultOutputID=65a2e76bf19e112d378a67dcb29a2a15 DependenciesID=4bac2a3ce019e80f25369b7d4921d398 StaticDependenciesID=6a2b32b2e0353653cafbce778c7c1f1a 
Number of updated asset objects reloaded before import = 0Number of asset objects unloaded after import = 3

========================================================================
Received Import Request.
  Time since last request: 0.000029 seconds.
  path: Assets/Sprites/Palettes/PitchAndLines/groundGrass_mownWide_188.asset
  importAddress: Guid(53b29efabc748441895b864638de5f05) Importer(2089858483,b0f066a214c2f5e87bad3c948f4d605d)
Start importing Assets/Sprites/Palettes/PitchAndLines/groundGrass_mownWide_188.asset using Guid(53b29efabc748441895b864638de5f05) Importer(2089858483,b0f066a214c2f5e87bad3c948f4d605d) (ScriptedImporter) -> (Import Result ID: '936a1a903d5e4f2ea203e021a07d88ff') in 0.001851 seconds [static and dynamic dependencies]. Details - ImportResultOutputID=7311965ead51bd94b13c29d7ce96dd20 DependenciesID=97960f81ece5ca42330352f6da1e06aa StaticDependenciesID=0a6b864bd23e553e2092ffe7444b73e8 
Number of updated asset objects reloaded before import = 0Number of asset objects unloaded after import = 2

========================================================================
Received Import Request.
  Time since last request: 0.000032 seconds.
  path: Assets/Sprites/Palettes/PitchAndLines/groundGrass_mownWide_9.asset
  importAddress: Guid(1cc5c4999c6df451381411644fe28a95) Importer(2089858483,b0f066a214c2f5e87bad3c948f4d605d)
Start importing Assets/Sprites/Palettes/PitchAndLines/groundGrass_mownWide_9.asset using Guid(1cc5c4999c6df451381411644fe28a95) Importer(2089858483,b0f066a214c2f5e87bad3c948f4d605d) (ScriptedImporter) -> (Import Result ID: '421e052ac900e47b6b0a4e97212be9ac') in 0.001819625 seconds [static and dynamic dependencies]. Details - ImportResultOutputID=ef2b581bcca0a131a305b79770b0e413 DependenciesID=2ffa01435ed003e90de6380b8b1f1339 StaticDependenciesID=95d874746f1efd1d9d6f9fdcf1bf574b 
Number of updated asset objects reloaded before import = 0Number of asset objects unloaded after import = 2

========================================================================
Received Import Request.
  Time since last request: 0.000026 seconds.
  path: Assets/Sprites/Palettes/Equipment/elements_36.asset
  importAddress: Guid(8af69e643c902410384350fce4bd035f) Importer(2089858483,b0f066a214c2f5e87bad3c948f4d605d)
Start importing Assets/Sprites/Palettes/Equipment/elements_36.asset using Guid(8af69e643c902410384350fce4bd035f) Importer(2089858483,b0f066a214c2f5e87bad3c948f4d605d) (ScriptedImporter) -> (Import Result ID: 'f166eccc0452c6b5dc2b9f989b832b88') in 0.001748417 seconds [static and dynamic dependencies]. Details - ImportResultOutputID=fa53be6d78189b10186e1dd406fa29e3 DependenciesID=c9cc1512b785ef53b0ba8d0f0a156a39 StaticDependenciesID=6de9db1580ccbbbe46ae0d1d24e5f3bf 
Number of updated asset objects reloaded before import = 0Number of asset objects unloaded after import = 2

========================================================================
Received Import Request.
  Time since last request: 0.000029 seconds.
  path: Assets/Sprites/Palettes/Equipment/elements_80.asset
  importAddress: Guid(2f46a41bb4093412891d3e68c6580b16) Importer(2089858483,b0f066a214c2f5e87bad3c948f4d605d)
Start importing Assets/Sprites/Palettes/Equipment/elements_80.asset using Guid(2f46a41bb4093412891d3e68c6580b16) Importer(2089858483,b0f066a214c2f5e87bad3c948f4d605d) (ScriptedImporter) -> (Import Result ID: '38fcb7b92d3d125ea6f0a22eeda7bdfb') in 0.001844125 seconds [static and dynamic dependencies]. Details - ImportResultOutputID=d019abe502fc909fbe5800c8cc332a3e DependenciesID=34f9b8a922f0833b3de923990ac76591 StaticDependenciesID=c56363aff7106574165e55390011647c 
Number of updated asset objects reloaded before import = 0Number of asset objects unloaded after import = 2

========================================================================
Received Import Request.
  Time since last request: 0.000026 seconds.
  path: Assets/Sprites/Palettes/PitchAndLines/groundGrass_mownWide_22.asset
  importAddress: Guid(99c2ec8f5e6eb4d7db4c9e4b0b64db5b) Importer(2089858483,b0f066a214c2f5e87bad3c948f4d605d)
Start importing Assets/Sprites/Palettes/PitchAndLines/groundGrass_mownWide_22.asset using Guid(99c2ec8f5e6eb4d7db4c9e4b0b64db5b) Importer(2089858483,b0f066a214c2f5e87bad3c948f4d605d) (ScriptedImporter) -> (Import Result ID: 'a659cde7d3d20a78b9739037c104b74d') in 0.002546542 seconds [static and dynamic dependencies]. Details - ImportResultOutputID=68c9304a2ca17503e36e78cd16deaf44 DependenciesID=46ce3adf0fbba4b54cdc352f7758612f StaticDependenciesID=b5131894c8b38f7db519ba4da97d81fe 
Number of updated asset objects reloaded before import = 0Number of asset objects unloaded after import = 2

========================================================================
Received Import Request.
  Time since last request: 0.000026 seconds.
  path: Assets/Sprites/Palettes/PitchAndLines/groundGrass_mownWide_165.asset
  importAddress: Guid(9a24ea0f6d3f540bd8317d908556388c) Importer(2089858483,b0f066a214c2f5e87bad3c948f4d605d)
Start importing Assets/Sprites/Palettes/PitchAndLines/groundGrass_mownWide_165.asset using Guid(9a24ea0f6d3f540bd8317d908556388c) Importer(2089858483,b0f066a214c2f5e87bad3c948f4d605d) (ScriptedImporter) -> (Import Result ID: '4813b5649c152f97c07ac532956a0214') in 0.001802792 seconds [static and dynamic dependencies]. Details - ImportResultOutputID=e430640593d8d9cd16324ebcd1bf8e91 DependenciesID=1281b4e550de7b959628a59e71223b62 StaticDependenciesID=3087f591659821f9be639a2873ba0c34 
Number of updated asset objects reloaded before import = 0Number of asset objects unloaded after import = 2

========================================================================
Received Import Request.
  Time since last request: 0.000025 seconds.
  path: Assets/Sprites/kenney_sportsPack/Vector/groundGrass_vector.swf
  importAddress: Guid(09d5839c098794e5185504755faeffd2) Importer(2089858483,b0f066a214c2f5e87bad3c948f4d605d)
Start importing Assets/Sprites/kenney_sportsPack/Vector/groundGrass_vector.swf using Guid(09d5839c098794e5185504755faeffd2) Importer(2089858483,b0f066a214c2f5e87bad3c948f4d605d) (ScriptedImporter) -> (Import Result ID: 'a9548328c88692439ac785610b5f14eb') in 0.00123325 seconds [static and dynamic dependencies]. Details - ImportResultOutputID=f84a7f39761b210eb608fda55200cc60 DependenciesID=a88908ea69d287931698595e322a403d StaticDependenciesID=acb737ff39512bea20b2f95207b18a15 
Number of updated asset objects reloaded before import = 0Number of asset objects unloaded after import = 1

========================================================================
Received Import Request.
  Time since last request: 0.000038 seconds.
  path: Assets/Sprites/Palettes/Equipment/elements_19.asset
  importAddress: Guid(67cef5ae7aa5a4b52a4573fe18669f02) Importer(2089858483,b0f066a214c2f5e87bad3c948f4d605d)
Start importing Assets/Sprites/Palettes/Equipment/elements_19.asset using Guid(67cef5ae7aa5a4b52a4573fe18669f02) Importer(2089858483,b0f066a214c2f5e87bad3c948f4d605d) (ScriptedImporter) -> (Import Result ID: 'b3847113d50312822b948137e2748141') in 0.001684709 seconds [static and dynamic dependencies]. Details - ImportResultOutputID=1f610ba7e757baa5092787199d16e533 DependenciesID=6f61b2e7214a2bcab2cb845378f5d1bb StaticDependenciesID=008768d681d161135ea7f3eca0937393 
Number of updated asset objects reloaded before import = 0Number of asset objects unloaded after import = 2

========================================================================
Received Import Request.
  Time since last request: 0.000023 seconds.
  path: Assets/Sprites/kenney_sportsPack/PNG/Elements/element (27).png
  importAddress: Guid(5aae6440ae0224035bde4f6ff1a4bda7) Importer(2089858483,b0f066a214c2f5e87bad3c948f4d605d)
Start importing Assets/Sprites/kenney_sportsPack/PNG/Elements/element (27).png using Guid(5aae6440ae0224035bde4f6ff1a4bda7) Importer(2089858483,b0f066a214c2f5e87bad3c948f4d605d) (ScriptedImporter) -> (Import Result ID: '15756b186e224f85a4fdb6c7f3092664') in 0.003149667 seconds [static and dynamic dependencies]. Details - ImportResultOutputID=74b5bb240e5034c0e07f578a1f835db3 DependenciesID=5efb1396e0df7eb0992e122c79a0e7b8 StaticDependenciesID=a462c981eb0273cc66afdf004c53377b 
Number of updated asset objects reloaded before import = 0Number of asset objects unloaded after import = 3

========================================================================
Received Import Request.
  Time since last request: 0.000035 seconds.
  path: Assets/Sprites/kenney_sportsPack/PNG/Equipment/racket_metal.png
  importAddress: Guid(46a054d72442c4e5da6211321c6dd74e) Importer(2089858483,b0f066a214c2f5e87bad3c948f4d605d)
Start importing Assets/Sprites/kenney_sportsPack/PNG/Equipment/racket_metal.png using Guid(46a054d72442c4e5da6211321c6dd74e) Importer(2089858483,b0f066a214c2f5e87bad3c948f4d605d) (ScriptedImporter) -> (Import Result ID: 'ccb1a1a7964dba581c7c515d05cbe0b5') in 0.002722292 seconds [static and dynamic dependencies]. Details - ImportResultOutputID=0336ed3c625687aaf838abc2fc704504 DependenciesID=30dc38da2fde7c01c854730a5297e188 StaticDependenciesID=9a24f2b1628d36958bef3bd422bd3d68 
Number of updated asset objects reloaded before import = 0Number of asset objects unloaded after import = 3

========================================================================
Received Import Request.
  Time since last request: 0.000039 seconds.
  path: Assets/Sprites/Palettes/Equipment/elements_52.asset
  importAddress: Guid(2acf4b3b5a90e4b5eb9ad25c4440f536) Importer(2089858483,b0f066a214c2f5e87bad3c948f4d605d)
Start importing Assets/Sprites/Palettes/Equipment/elements_52.asset using Guid(2acf4b3b5a90e4b5eb9ad25c4440f536) Importer(2089858483,b0f066a214c2f5e87bad3c948f4d605d) (ScriptedImporter) -> (Import Result ID: '7f7588f29aede50bd224a222a029b234') in 0.001692042 seconds [static and dynamic dependencies]. Details - ImportResultOutputID=25da2742fbba287ea90a3af00f8da0c3 DependenciesID=b07f496dfe617a72be4b7eaf91593a94 StaticDependenciesID=626581c85acc2027c4cd2ef793984eaf 
Number of updated asset objects reloaded before import = 0Number of asset objects unloaded after import = 2

========================================================================
Received Import Request.
  Time since last request: 0.000032 seconds.
  path: Assets/Sprites/kenney_sportsPack/PNG/Elements/element (9).png
  importAddress: Guid(eb390f2ca5fb8477fb8c54570b1a31b6) Importer(2089858483,b0f066a214c2f5e87bad3c948f4d605d)
Start importing Assets/Sprites/kenney_sportsPack/PNG/Elements/element (9).png using Guid(eb390f2ca5fb8477fb8c54570b1a31b6) Importer(2089858483,b0f066a214c2f5e87bad3c948f4d605d) (ScriptedImporter) -> (Import Result ID: '5b6b0e3829cff0d81b9887fc1c424c33') in 0.00287675 seconds [static and dynamic dependencies]. Details - ImportResultOutputID=ea47318b80861785f37d022ef8611232 DependenciesID=896bf94df2fdabb71a2cf9b00f4d8503 StaticDependenciesID=e52898ed917d97dcdb3f99f35f36db04 
Number of updated asset objects reloaded before import = 0Number of asset objects unloaded after import = 3

========================================================================
Received Import Request.
  Time since last request: 0.000029 seconds.
  path: Assets/Sprites/kenney_sportsPack/PNG/Elements/element (36).png
  importAddress: Guid(a1956879eb11a4a8f876838f609dc14e) Importer(2089858483,b0f066a214c2f5e87bad3c948f4d605d)
Start importing Assets/Sprites/kenney_sportsPack/PNG/Elements/element (36).png using Guid(a1956879eb11a4a8f876838f609dc14e) Importer(2089858483,b0f066a214c2f5e87bad3c948f4d605d) (ScriptedImporter) -> (Import Result ID: '553f86cd62f3190893ac1e68deb7d8f1') in 0.002761667 seconds [static and dynamic dependencies]. Details - ImportResultOutputID=5bd33e03caa933730b86b12d5319eba4 DependenciesID=1981296bfa2ae682eae8d5e383cb41ae StaticDependenciesID=1a490ee7b2472bc742a851e209f6ea01 
Number of updated asset objects reloaded before import = 0Number of asset objects unloaded after import = 3

========================================================================
Received Import Request.
  Time since last request: 0.000044 seconds.
  path: Assets/Sprites/Palettes/PitchAndLines/groundGrass_mownWide_56.asset
  importAddress: Guid(6ace84c3b6089425597e52f2370c9eb3) Importer(2089858483,b0f066a214c2f5e87bad3c948f4d605d)
Start importing Assets/Sprites/Palettes/PitchAndLines/groundGrass_mownWide_56.asset using Guid(6ace84c3b6089425597e52f2370c9eb3) Importer(2089858483,b0f066a214c2f5e87bad3c948f4d605d) (ScriptedImporter) -> (Import Result ID: '2fceade67a1454e53622cda7f862319d') in 0.002660083 seconds [static and dynamic dependencies]. Details - ImportResultOutputID=55712768b53acec05ac0ab05f94f83e9 DependenciesID=92b5666cec826e3df049346b2689f06b StaticDependenciesID=5c4726cb3336e6c37b0ac797ff2103fb 
Number of updated asset objects reloaded before import = 0Number of asset objects unloaded after import = 2

========================================================================
Received Import Request.
  Time since last request: 0.000060 seconds.
  path: Assets/Sprites/kenney_sportsPack/PNG/Elements/element (26).png
  importAddress: Guid(a384846c968b2489ba1ee872cf6987a8) Importer(2089858483,b0f066a214c2f5e87bad3c948f4d605d)
Start importing Assets/Sprites/kenney_sportsPack/PNG/Elements/element (26).png using Guid(a384846c968b2489ba1ee872cf6987a8) Importer(2089858483,b0f066a214c2f5e87bad3c948f4d605d) (ScriptedImporter) -> (Import Result ID: '13b6c65ba19143c414381458552b9da6') in 0.002654125 seconds [static and dynamic dependencies]. Details - ImportResultOutputID=e9c0830849edf3bee181f0dd3bc74959 DependenciesID=04c4e53ea2e068a5afba3653ea5fff0d StaticDependenciesID=43113181214dc41c2815f341145861df 
Number of updated asset objects reloaded before import = 0Number of asset objects unloaded after import = 3

========================================================================
Received Import Request.
  Time since last request: 0.000029 seconds.
  path: Assets/Sprites/kenney_sportsPack/Vector/groundTransparent_white.swf
  importAddress: Guid(4ca981d360e9a4076a1456969d9bf1fe) Importer(2089858483,b0f066a214c2f5e87bad3c948f4d605d)
Start importing Assets/Sprites/kenney_sportsPack/Vector/groundTransparent_white.swf using Guid(4ca981d360e9a4076a1456969d9bf1fe) Importer(2089858483,b0f066a214c2f5e87bad3c948f4d605d) (ScriptedImporter) -> (Import Result ID: 'a95842d1ee132745239ccf5da12388c3') in 0.001248541 seconds [static and dynamic dependencies]. Details - ImportResultOutputID=48be717784047440f95d5fd1d0cf0395 DependenciesID=d857f13f898c4fe143a759b4b3b2011f StaticDependenciesID=0f1d848f05827d7ea3b4eb1ca871c424 
Number of updated asset objects reloaded before import = 0Number of asset objects unloaded after import = 1

========================================================================
Received Import Request.
  Time since last request: 0.000036 seconds.
  path: Assets/Sprites/kenney_sportsPack/PNG/Special/characterSpecial (1).png
  importAddress: Guid(d9301837e24c4486cb189b09c6c06146) Importer(2089858483,b0f066a214c2f5e87bad3c948f4d605d)
Start importing Assets/Sprites/kenney_sportsPack/PNG/Special/characterSpecial (1).png using Guid(d9301837e24c4486cb189b09c6c06146) Importer(2089858483,b0f066a214c2f5e87bad3c948f4d605d) (ScriptedImporter) -> (Import Result ID: '4fe3eb0cdb47949821cb9735499552db') in 0.003100333 seconds [static and dynamic dependencies]. Details - ImportResultOutputID=d49c6fce7b8790b536b617a5ccb2e419 DependenciesID=be1560ec58d4a6e7570afe004d139320 StaticDependenciesID=9379211dd374b26862b72afb31155e95 
Number of updated asset objects reloaded before import = 0Number of asset objects unloaded after import = 3

========================================================================
Received Import Request.
  Time since last request: 0.000029 seconds.
  path: Assets/Sprites/Palettes/Equipment/elements_68.asset
  importAddress: Guid(af8648a0bee0a4ed1ada3982e26c0ac8) Importer(2089858483,b0f066a214c2f5e87bad3c948f4d605d)
Start importing Assets/Sprites/Palettes/Equipment/elements_68.asset using Guid(af8648a0bee0a4ed1ada3982e26c0ac8) Importer(2089858483,b0f066a214c2f5e87bad3c948f4d605d) (ScriptedImporter) -> (Import Result ID: 'a5cb60094a992178092fee9c392b423a') in 0.001840959 seconds [static and dynamic dependencies]. Details - ImportResultOutputID=2ec570d89d04c05c8c9d30310ff96c65 DependenciesID=9f1984f5ea95fb5cc1d0c515e060a094 StaticDependenciesID=d33b44dc516caac43a2cc914ca6e734d 
Number of updated asset objects reloaded before import = 0Number of asset objects unloaded after import = 2

========================================================================
Received Import Request.
  Time since last request: 0.000033 seconds.
  path: Assets/Sprites/Palettes/Equipment/elements_18.asset
  importAddress: Guid(d60609c97764041aea5669590eb3978d) Importer(2089858483,b0f066a214c2f5e87bad3c948f4d605d)
Start importing Assets/Sprites/Palettes/Equipment/elements_18.asset using Guid(d60609c97764041aea5669590eb3978d) Importer(2089858483,b0f066a214c2f5e87bad3c948f4d605d) (ScriptedImporter) -> (Import Result ID: 'dbb94a2a3373ba3ef8918910c36272ec') in 0.001904291 seconds [static and dynamic dependencies]. Details - ImportResultOutputID=674590a6802180234b2db59a5118f2d0 DependenciesID=69978cbed01d3c525918bb28bc1f60c9 StaticDependenciesID=d15230e9a141b4126712feb2c5bd421c 
Number of updated asset objects reloaded before import = 0Number of asset objects unloaded after import = 2

========================================================================
Received Import Request.
  Time since last request: 0.000040 seconds.
  path: Assets/Sprites/Palettes/PitchAndLines/groundGrass_mownWide_107.asset
  importAddress: Guid(5448c4dc99d0c4ee19c9ca5ce887cdc9) Importer(2089858483,b0f066a214c2f5e87bad3c948f4d605d)
Start importing Assets/Sprites/Palettes/PitchAndLines/groundGrass_mownWide_107.asset using Guid(5448c4dc99d0c4ee19c9ca5ce887cdc9) Importer(2089858483,b0f066a214c2f5e87bad3c948f4d605d) (ScriptedImporter) -> (Import Result ID: 'b28ef711908cd43919b35eb4e3aa5c29') in 0.001807875 seconds [static and dynamic dependencies]. Details - ImportResultOutputID=49391de3b3151b6bc2e649b16336a2e4 DependenciesID=c0e3856f91305a694adf417f1246a389 StaticDependenciesID=953fd31e74f189c9a8817eb3f681599b 
Number of updated asset objects reloaded before import = 0Number of asset objects unloaded after import = 2

========================================================================
Received Import Request.
  Time since last request: 0.000028 seconds.
  path: Assets/Sprites/Palettes/PitchAndLines/groundGrass_mownWide_71.asset
  importAddress: Guid(5627beea4268b4d94b7d213f4a83f92d) Importer(2089858483,b0f066a214c2f5e87bad3c948f4d605d)
Start importing Assets/Sprites/Palettes/PitchAndLines/groundGrass_mownWide_71.asset using Guid(5627beea4268b4d94b7d213f4a83f92d) Importer(2089858483,b0f066a214c2f5e87bad3c948f4d605d) (ScriptedImporter) -> (Import Result ID: 'b1834bc709ce604d7aa8e97ddef2d910') in 0.001624292 seconds [static and dynamic dependencies]. Details - ImportResultOutputID=ef1aec9a8251c2538838e3342a304754 DependenciesID=0d7f909e9fb362304e1dbacab9f2dff7 StaticDependenciesID=2d2fbc539bc4583c2e51711ad5b8ed99 
Number of updated asset objects reloaded before import = 0Number of asset objects unloaded after import = 2

========================================================================
Received Import Request.
  Time since last request: 0.000040 seconds.
  path: Assets/Sprites/Palettes/PitchAndLines/groundGrass_mownWide_147.asset
  importAddress: Guid(4eb945bd5e92f46b2a5eb9ccf29dc9bd) Importer(2089858483,b0f066a214c2f5e87bad3c948f4d605d)
Start importing Assets/Sprites/Palettes/PitchAndLines/groundGrass_mownWide_147.asset using Guid(4eb945bd5e92f46b2a5eb9ccf29dc9bd) Importer(2089858483,b0f066a214c2f5e87bad3c948f4d605d) (ScriptedImporter) -> (Import Result ID: 'bd53914c8a6d28f4802b30b448e5e0f9') in 0.001853625 seconds [static and dynamic dependencies]. Details - ImportResultOutputID=d4dfe2bd967ff9d2a4dad8c9cf35cb8c DependenciesID=b658a0bc07f6af57219e837716623626 StaticDependenciesID=bb9cd1d849f87b7a3e366bd55ab57963 
Number of updated asset objects reloaded before import = 0Number of asset objects unloaded after import = 2

========================================================================
Received Import Request.
  Time since last request: 0.000040 seconds.
  path: Assets/Sprites/Palettes/PitchAndLines/groundGrass_mownWide_172.asset
  importAddress: Guid(eaf034b0347464474a5aaaf54048fd59) Importer(2089858483,b0f066a214c2f5e87bad3c948f4d605d)
Start importing Assets/Sprites/Palettes/PitchAndLines/groundGrass_mownWide_172.asset using Guid(eaf034b0347464474a5aaaf54048fd59) Importer(2089858483,b0f066a214c2f5e87bad3c948f4d605d) (ScriptedImporter) -> (Import Result ID: '22eb5c07c4ebe1de4139b1333779a5d8') in 0.002043125 seconds [static and dynamic dependencies]. Details - ImportResultOutputID=819d6f09179a40c0ca2bd8a800373e41 DependenciesID=25d9dfebaa9fc5a9eca5f474ce3c7b32 StaticDependenciesID=67d1ae3be7e583ca4d8eefe1ce23584c 
Number of updated asset objects reloaded before import = 0Number of asset objects unloaded after import = 2

========================================================================
Received Import Request.
  Time since last request: 0.000039 seconds.
  path: Assets/Sprites/Palettes/Equipment/elements_42.asset
  importAddress: Guid(f29871c5d93204f39a7b0f25eaaccfe7) Importer(2089858483,b0f066a214c2f5e87bad3c948f4d605d)
Start importing Assets/Sprites/Palettes/Equipment/elements_42.asset using Guid(f29871c5d93204f39a7b0f25eaaccfe7) Importer(2089858483,b0f066a214c2f5e87bad3c948f4d605d) (ScriptedImporter) -> (Import Result ID: '8fcfdbb7efcadaaed4635daa167fa380') in 0.001821375 seconds [static and dynamic dependencies]. Details - ImportResultOutputID=0a65163c7ab4f25719bb50d10e016188 DependenciesID=143e71b56f70ae9d0fc2194f12d48109 StaticDependenciesID=6eb5a92de3734cf4b56503c7221bb635 
Number of updated asset objects reloaded before import = 0Number of asset objects unloaded after import = 2

========================================================================
Received Import Request.
  Time since last request: 0.000036 seconds.
  path: Assets/Sprites/kenney_sportsPack/PNG/White
  importAddress: Guid(c935ed6626c2f40d783e91db7efea20e) Importer(2089858483,b0f066a214c2f5e87bad3c948f4d605d)
Start importing Assets/Sprites/kenney_sportsPack/PNG/White using Guid(c935ed6626c2f40d783e91db7efea20e) Importer(2089858483,b0f066a214c2f5e87bad3c948f4d605d) (ScriptedImporter) -> (Import Result ID: '53c27c00897058453feefd69449bb8dd') in 0.001406 seconds [static and dynamic dependencies]. Details - ImportResultOutputID=21c98b11f93b4f636cf9e9bcd2ac4961 DependenciesID=1882d11ace56de2247e7ff4aaadc4a99 StaticDependenciesID=fafc019314316ba2ac7bbb43e3989d78 
Number of updated asset objects reloaded before import = 0Number of asset objects unloaded after import = 1

========================================================================
Received Import Request.
  Time since last request: 0.000031 seconds.
  path: Assets/Sprites/Palettes/Equipment/elements_65.asset
  importAddress: Guid(654e01177301347318ceec9f562361e9) Importer(2089858483,b0f066a214c2f5e87bad3c948f4d605d)
Start importing Assets/Sprites/Palettes/Equipment/elements_65.asset using Guid(654e01177301347318ceec9f562361e9) Importer(2089858483,b0f066a214c2f5e87bad3c948f4d605d) (ScriptedImporter) -> (Import Result ID: 'ee730b3ac2c6ab23b43823719e4cd383') in 0.001797791 seconds [static and dynamic dependencies]. Details - ImportResultOutputID=57403f020c1bf897af9f48fee1811b24 DependenciesID=a6f20504d6f5d400f5221c5d47815ef8 StaticDependenciesID=89040f9ae39e3d9509aa3ba40646eac5 
Number of updated asset objects reloaded before import = 0Number of asset objects unloaded after import = 2

========================================================================
Received Import Request.
  Time since last request: 0.000028 seconds.
  path: Assets/Sprites/Palettes/PitchAndLines/groundGrass_mownWide_125.asset
  importAddress: Guid(1b1442fc3a5824118804ba681ce1914c) Importer(2089858483,b0f066a214c2f5e87bad3c948f4d605d)
Start importing Assets/Sprites/Palettes/PitchAndLines/groundGrass_mownWide_125.asset using Guid(1b1442fc3a5824118804ba681ce1914c) Importer(2089858483,b0f066a214c2f5e87bad3c948f4d605d) (ScriptedImporter) -> (Import Result ID: '8f2a572588932489386422bdce9d854e') in 0.001768875 seconds [static and dynamic dependencies]. Details - ImportResultOutputID=507cb5854a46455b73e8cf18c88e6d1a DependenciesID=aba136bacc367266719047ad9c637c62 StaticDependenciesID=de7f0c6a10d9c666d2ddf42b0f617eb5 
Number of updated asset objects reloaded before import = 0Number of asset objects unloaded after import = 2

========================================================================
Received Import Request.
  Time since last request: 0.000037 seconds.
  path: Assets/Sprites/kenney_sportsPack/PNG/Equipment/ball_generic2.png
  importAddress: Guid(5c0e5463dfb1545a6931731677264abf) Importer(2089858483,b0f066a214c2f5e87bad3c948f4d605d)
Start importing Assets/Sprites/kenney_sportsPack/PNG/Equipment/ball_generic2.png using Guid(5c0e5463dfb1545a6931731677264abf) Importer(2089858483,b0f066a214c2f5e87bad3c948f4d605d) (ScriptedImporter) -> (Import Result ID: '6a2491bb6e3038b5bf9dc61e0d1e298a') in 0.00376425 seconds [static and dynamic dependencies]. Details - ImportResultOutputID=78d67a7542697fb6a4484ff1fc87f127 DependenciesID=8f4f7cb973e61d7b7967993443802e6c StaticDependenciesID=5bd739616c2e42f7cb11bc9768896c89 
Number of updated asset objects reloaded before import = 0Number of asset objects unloaded after import = 3

========================================================================
Received Import Request.
  Time since last request: 0.000029 seconds.
  path: Assets/Sprites/Palettes/Equipment/elements_59.asset
  importAddress: Guid(5e5b08e81d4514d8ea4db83318c24b70) Importer(2089858483,b0f066a214c2f5e87bad3c948f4d605d)
Start importing Assets/Sprites/Palettes/Equipment/elements_59.asset using Guid(5e5b08e81d4514d8ea4db83318c24b70) Importer(2089858483,b0f066a214c2f5e87bad3c948f4d605d) (ScriptedImporter) -> (Import Result ID: '4c463989b39bd3d8a51fcc482c5bc3a2') in 0.001871583 seconds [static and dynamic dependencies]. Details - ImportResultOutputID=ebe1f4ac9d1a662db249ad65760fcf06 DependenciesID=b6a5cd30c87f3a2111deb953d223cb25 StaticDependenciesID=ca8f2df4c4debd7e048f037f5a3a8c56 
Number of updated asset objects reloaded before import = 0Number of asset objects unloaded after import = 2

========================================================================
Received Import Request.
  Time since last request: 0.000025 seconds.
  path: Assets/Sprites/Palettes/PitchAndLines/groundGrass_mownWide_77.asset
  importAddress: Guid(a30f2846e1bce40378b40baa3a6ad5b8) Importer(2089858483,b0f066a214c2f5e87bad3c948f4d605d)
Start importing Assets/Sprites/Palettes/PitchAndLines/groundGrass_mownWide_77.asset using Guid(a30f2846e1bce40378b40baa3a6ad5b8) Importer(2089858483,b0f066a214c2f5e87bad3c948f4d605d) (ScriptedImporter) -> (Import Result ID: '29fbfac812fbc185edae5fb08d512ec9') in 0.001823083 seconds [static and dynamic dependencies]. Details - ImportResultOutputID=ba7a0c8cd845068fcaf35d902b5cc97a DependenciesID=72c58c8147a20644983c1836642b8caa StaticDependenciesID=8892d36ca63ffcc224e908b26c5700a8 
Number of updated asset objects reloaded before import = 0Number of asset objects unloaded after import = 2

========================================================================
Received Import Request.
  Time since last request: 0.000033 seconds.
  path: Assets/Sprites/Palettes/Equipment.prefab
  importAddress: Guid(e31380ac715f04f508dd19a1eac28c43) Importer(2089858483,b0f066a214c2f5e87bad3c948f4d605d)
Start importing Assets/Sprites/Palettes/Equipment.prefab using Guid(e31380ac715f04f508dd19a1eac28c43) Importer(2089858483,b0f066a214c2f5e87bad3c948f4d605d) (ScriptedImporter) -> (Import Result ID: '1eafca68edb7d4528b7f90a1e53bd942') in 0.004444875 seconds [static and dynamic dependencies]. Details - ImportResultOutputID=0132a32a3dbdd3ba2c2c1155531398f4 DependenciesID=a920ed6a2f4c781f4304f81c25014d27 StaticDependenciesID=50bfc5b162fb4266e4814b56fb2e1c10 
Number of updated asset objects reloaded before import = 0Number of asset objects unloaded after import = 10

========================================================================
Received Import Request.
  Time since last request: 0.000024 seconds.
  path: Assets/Sprites/kenney_sportsPack/PNG/Elements/element (77).png
  importAddress: Guid(6616a071436a44bd79037af90d4ce535) Importer(2089858483,b0f066a214c2f5e87bad3c948f4d605d)
Start importing Assets/Sprites/kenney_sportsPack/PNG/Elements/element (77).png using Guid(6616a071436a44bd79037af90d4ce535) Importer(2089858483,b0f066a214c2f5e87bad3c948f4d605d) (ScriptedImporter) -> (Import Result ID: 'a8f51d0c0df8203b589aed8318e06d3d') in 0.00276775 seconds [static and dynamic dependencies]. Details - ImportResultOutputID=7b4aef3fdc5fea16be776ca6cd023774 DependenciesID=2dcb4e000a8b8671e8ddf1f1244e1a6a StaticDependenciesID=2f6bdefe55704f6056508d94c8645b6e 
Number of updated asset objects reloaded before import = 0Number of asset objects unloaded after import = 3

========================================================================
Received Import Request.
  Time since last request: 0.000024 seconds.
  path: Assets/Sprites/kenney_sportsPack/PNG/Equipment/ball_tennis2.png
  importAddress: Guid(991649abf5886446caa84efbd4b0a481) Importer(2089858483,b0f066a214c2f5e87bad3c948f4d605d)
Start importing Assets/Sprites/kenney_sportsPack/PNG/Equipment/ball_tennis2.png using Guid(991649abf5886446caa84efbd4b0a481) Importer(2089858483,b0f066a214c2f5e87bad3c948f4d605d) (ScriptedImporter) -> (Import Result ID: 'aaef885b14e68418ce29c34d3f647465') in 0.002577458 seconds [static and dynamic dependencies]. Details - ImportResultOutputID=5edd4da1e9d0857cc540c206ee1df4d2 DependenciesID=890324af47a6cdd7f324a86e99ea6668 StaticDependenciesID=b7cc77a72f79c719a08b5238ffcc4200 
Number of updated asset objects reloaded before import = 0Number of asset objects unloaded after import = 3

========================================================================
Received Import Request.
  Time since last request: 0.000028 seconds.
  path: Assets/Sprites/Palettes/Equipment/elements_72.asset
  importAddress: Guid(68a9bca7e58604718ace81056f256400) Importer(2089858483,b0f066a214c2f5e87bad3c948f4d605d)
Start importing Assets/Sprites/Palettes/Equipment/elements_72.asset using Guid(68a9bca7e58604718ace81056f256400) Importer(2089858483,b0f066a214c2f5e87bad3c948f4d605d) (ScriptedImporter) -> (Import Result ID: 'adce02a46f6b7914ad5e36d93467fd8a') in 0.003773708 seconds [static and dynamic dependencies]. Details - ImportResultOutputID=e2121a66925c188332f2a215f2c2e87f DependenciesID=ddcdd4db83b78aa6caefaffb52fc773a StaticDependenciesID=efe64fc630f84a7b8323f071d77acb9f 
Number of updated asset objects reloaded before import = 0Number of asset objects unloaded after import = 2

========================================================================
Received Import Request.
  Time since last request: 0.000031 seconds.
  path: Assets/Sprites/Palettes/PitchAndLines/groundGrass_mownWide_43.asset
  importAddress: Guid(d90420ee484ff4535823aee1f7a02549) Importer(2089858483,b0f066a214c2f5e87bad3c948f4d605d)
Start importing Assets/Sprites/Palettes/PitchAndLines/groundGrass_mownWide_43.asset using Guid(d90420ee484ff4535823aee1f7a02549) Importer(2089858483,b0f066a214c2f5e87bad3c948f4d605d) (ScriptedImporter) -> (Import Result ID: 'be3c06571a53a8442259b86a434af450') in 0.001541292 seconds [static and dynamic dependencies]. Details - ImportResultOutputID=31601d74cc415fe4ba8435b8f68aaac0 DependenciesID=c35add649f6cda53f4d00b02ee96ed2d StaticDependenciesID=55a9036361ce4db3da2e2ffc3af7019a 
Number of updated asset objects reloaded before import = 0Number of asset objects unloaded after import = 2

========================================================================
Received Import Request.
  Time since last request: 0.000043 seconds.
  path: Assets/Sprites/Palettes/Equipment/elements_16.asset
  importAddress: Guid(704e6cac3b0fb4ba6980e3b48465948b) Importer(2089858483,b0f066a214c2f5e87bad3c948f4d605d)
Start importing Assets/Sprites/Palettes/Equipment/elements_16.asset using Guid(704e6cac3b0fb4ba6980e3b48465948b) Importer(2089858483,b0f066a214c2f5e87bad3c948f4d605d) (ScriptedImporter) -> (Import Result ID: '59e2cc5bb98168e5c76568f7d312c102') in 0.001826625 seconds [static and dynamic dependencies]. Details - ImportResultOutputID=baa18d21b231d86cbeb12fd265f8088e DependenciesID=159433f7862f30beebf614c226ba7a89 StaticDependenciesID=10bbc392e720576b5e52e6ddccf909da 
Number of updated asset objects reloaded before import = 0Number of asset objects unloaded after import = 2

========================================================================
Received Import Request.
  Time since last request: 0.000056 seconds.
  path: Assets/Sprites/Palettes/PitchAndLines/groundGrass_mownWide_152.asset
  importAddress: Guid(c9463db2c014944adb141d6864006db1) Importer(2089858483,b0f066a214c2f5e87bad3c948f4d605d)
Start importing Assets/Sprites/Palettes/PitchAndLines/groundGrass_mownWide_152.asset using Guid(c9463db2c014944adb141d6864006db1) Importer(2089858483,b0f066a214c2f5e87bad3c948f4d605d) (ScriptedImporter) -> (Import Result ID: '40fee33e7f981c8a94706d4308d035c6') in 0.001832875 seconds [static and dynamic dependencies]. Details - ImportResultOutputID=f56c08b5e6e46779c93b8ae650652bbb DependenciesID=eea200d823bb458e1a6c362a4a61eda7 StaticDependenciesID=0e63282364ce79fe4a6b806715795377 
Number of updated asset objects reloaded before import = 0Number of asset objects unloaded after import = 2

========================================================================
Received Import Request.
  Time since last request: 0.000040 seconds.
  path: Assets/Sprites/Palettes/PitchAndLines
  importAddress: Guid(a1a34a14c51b9494d8155beaf9b18c75) Importer(2089858483,b0f066a214c2f5e87bad3c948f4d605d)
Start importing Assets/Sprites/Palettes/PitchAndLines using Guid(a1a34a14c51b9494d8155beaf9b18c75) Importer(2089858483,b0f066a214c2f5e87bad3c948f4d605d) (ScriptedImporter) -> (Import Result ID: '0d8dcd86e8698a3fb1a48e4b5e3ee44e') in 0.0011735 seconds [static and dynamic dependencies]. Details - ImportResultOutputID=b8c97887c9a4f91660237fd0768f94c6 DependenciesID=94f936dc39a98fc5dadc28e2789f41b8 StaticDependenciesID=a5f5e1902bb75a93cdeb578ee90ccf74 
Number of updated asset objects reloaded before import = 0Number of asset objects unloaded after import = 1

========================================================================
Received Import Request.
  Time since last request: 0.000029 seconds.
  path: Assets/Sprites/kenney_sportsPack/PNG/Equipment
  importAddress: Guid(b7d6094b379b8484fb2bbc58f52a19c9) Importer(2089858483,b0f066a214c2f5e87bad3c948f4d605d)
Start importing Assets/Sprites/kenney_sportsPack/PNG/Equipment using Guid(b7d6094b379b8484fb2bbc58f52a19c9) Importer(2089858483,b0f066a214c2f5e87bad3c948f4d605d) (ScriptedImporter) -> (Import Result ID: '64dccc3b9bdd2cce729ef11660c97691') in 0.001184791 seconds [static and dynamic dependencies]. Details - ImportResultOutputID=5f2fb0d334a5833eb0aee81079271ffe DependenciesID=07dc13b9945d22c44048c7314322b833 StaticDependenciesID=03b03ed47860ac3d15d69f6a57acd6aa 
Number of updated asset objects reloaded before import = 0Number of asset objects unloaded after import = 1

========================================================================
Received Import Request.
  Time since last request: 0.000028 seconds.
  path: Assets/Sprites/kenney_sportsPack/PNG/Elements/element (76).png
  importAddress: Guid(ed4ac3bb82ca64365b1e9e55f5c334bd) Importer(2089858483,b0f066a214c2f5e87bad3c948f4d605d)
Start importing Assets/Sprites/kenney_sportsPack/PNG/Elements/element (76).png using Guid(ed4ac3bb82ca64365b1e9e55f5c334bd) Importer(2089858483,b0f066a214c2f5e87bad3c948f4d605d) (ScriptedImporter) -> (Import Result ID: '8f5b1190b3a749a795c2c95d0e656098') in 0.002587167 seconds [static and dynamic dependencies]. Details - ImportResultOutputID=137ea5e90dcdb3b7a9c7775d29ff95fe DependenciesID=f1e57e90102bb33350123a1668a2deaa StaticDependenciesID=2e94bfa5768fcf092efc10a2ba67ddce 
Number of updated asset objects reloaded before import = 0Number of asset objects unloaded after import = 3

========================================================================
Received Import Request.
  Time since last request: 0.000032 seconds.
  path: Assets/Sprites/Palettes/PitchAndLines/groundGrass_mownWide_3.asset
  importAddress: Guid(11fc8e2343bc640cdabba6139ea693a5) Importer(2089858483,b0f066a214c2f5e87bad3c948f4d605d)
Start importing Assets/Sprites/Palettes/PitchAndLines/groundGrass_mownWide_3.asset using Guid(11fc8e2343bc640cdabba6139ea693a5) Importer(2089858483,b0f066a214c2f5e87bad3c948f4d605d) (ScriptedImporter) -> (Import Result ID: '24f0a57741e031414f20b3a650145eea') in 0.002027666 seconds [static and dynamic dependencies]. Details - ImportResultOutputID=04ee1b33223641d2c74072807d8dcd70 DependenciesID=26f98ed124948e20beb5f278b4b806ea StaticDependenciesID=5b347d2e3596047103792705ffe80ba0 
Number of updated asset objects reloaded before import = 0Number of asset objects unloaded after import = 2

========================================================================
Received Import Request.
  Time since last request: 0.000027 seconds.
  path: Assets/Sprites/kenney_sportsPack/PNG/Elements/element (63).png
  importAddress: Guid(b2f5470b0914043478fdcb864a3871bc) Importer(2089858483,b0f066a214c2f5e87bad3c948f4d605d)
Start importing Assets/Sprites/kenney_sportsPack/PNG/Elements/element (63).png using Guid(b2f5470b0914043478fdcb864a3871bc) Importer(2089858483,b0f066a214c2f5e87bad3c948f4d605d) (ScriptedImporter) -> (Import Result ID: '6a04ce550cb9f1663b2123d549137f82') in 0.002794959 seconds [static and dynamic dependencies]. Details - ImportResultOutputID=1e0d13030df17df20ccf59e472bec919 DependenciesID=b63b1a93712792099caa1d219e24cde6 StaticDependenciesID=0c0fe56bc64958af706b5a2db62f0198 
Number of updated asset objects reloaded before import = 0Number of asset objects unloaded after import = 3

========================================================================
Received Import Request.
  Time since last request: 0.000031 seconds.
  path: Assets/Sprites/kenney_sportsPack/PNG/Green/characterGreen (4).png
  importAddress: Guid(8d1006fa667574471a3c3dc0ca035be8) Importer(2089858483,b0f066a214c2f5e87bad3c948f4d605d)
Start importing Assets/Sprites/kenney_sportsPack/PNG/Green/characterGreen (4).png using Guid(8d1006fa667574471a3c3dc0ca035be8) Importer(2089858483,b0f066a214c2f5e87bad3c948f4d605d) (ScriptedImporter) -> (Import Result ID: 'ad5b32ffbf77346ec12e9de97437c472') in 0.002560125 seconds [static and dynamic dependencies]. Details - ImportResultOutputID=569027bcecf9914e67079a876bdbeeb4 DependenciesID=af822fe765a780c4f594258ebb26c5e7 StaticDependenciesID=bfd78869f6957bccaffede3b4eacd6eb 
Number of updated asset objects reloaded before import = 0Number of asset objects unloaded after import = 3

========================================================================
Received Import Request.
  Time since last request: 0.000058 seconds.
  path: Assets/Sprites/Palettes/PitchAndLines/groundGrass_mownWide_70.asset
  importAddress: Guid(33bb36ed489c24db983fa0e3387e4251) Importer(2089858483,b0f066a214c2f5e87bad3c948f4d605d)
Start importing Assets/Sprites/Palettes/PitchAndLines/groundGrass_mownWide_70.asset using Guid(33bb36ed489c24db983fa0e3387e4251) Importer(2089858483,b0f066a214c2f5e87bad3c948f4d605d) (ScriptedImporter) -> (Import Result ID: '20bf0604271dc0aee080c44f24e4fc27') in 0.002443292 seconds [static and dynamic dependencies]. Details - ImportResultOutputID=3c22c10fda4109c66ef3535564782f85 DependenciesID=d43f9a8cd74edca6efe00c71d1feb318 StaticDependenciesID=a04f11681a18c58c528ca8083426a421 
Number of updated asset objects reloaded before import = 0Number of asset objects unloaded after import = 2

========================================================================
Received Import Request.
  Time since last request: 0.000045 seconds.
  path: Assets/Sprites/kenney_sportsPack/Tilesheet
  importAddress: Guid(b698a61f3efc7463ca95f4366f546a6c) Importer(2089858483,b0f066a214c2f5e87bad3c948f4d605d)
Start importing Assets/Sprites/kenney_sportsPack/Tilesheet using Guid(b698a61f3efc7463ca95f4366f546a6c) Importer(2089858483,b0f066a214c2f5e87bad3c948f4d605d) (ScriptedImporter) -> (Import Result ID: 'ccc41ff8813cd4aa0e98d3700baa743a') in 0.0010125 seconds [static and dynamic dependencies]. Details - ImportResultOutputID=c6d4a586a39ec0bd911a5fe28dc773d4 DependenciesID=c796f09cbfb833d2193429a7ab2ce2c0 StaticDependenciesID=4ac2c8ece4f03ba405e56784a2c2bf59 
Number of updated asset objects reloaded before import = 0Number of asset objects unloaded after import = 1

========================================================================
Received Import Request.
  Time since last request: 0.000025 seconds.
  path: Assets/Sprites/Palettes/Equipment/elements_33.asset
  importAddress: Guid(63ff0db3e0bea4dc2b623b7776e4fd5f) Importer(2089858483,b0f066a214c2f5e87bad3c948f4d605d)
Start importing Assets/Sprites/Palettes/Equipment/elements_33.asset using Guid(63ff0db3e0bea4dc2b623b7776e4fd5f) Importer(2089858483,b0f066a214c2f5e87bad3c948f4d605d) (ScriptedImporter) -> (Import Result ID: '2333b2f6252671eee5a694aa6118dee8') in 0.001785958 seconds [static and dynamic dependencies]. Details - ImportResultOutputID=067763d120e4c9ed29e57d70e16e859b DependenciesID=680477152ebd369ff99f19bc99debbe8 StaticDependenciesID=ca856f49f86a77aa0593820994c8d432 
Number of updated asset objects reloaded before import = 0Number of asset objects unloaded after import = 2

========================================================================
Received Import Request.
  Time since last request: 0.000038 seconds.
  path: Assets/Sprites/Palettes/Equipment/elements_67.asset
  importAddress: Guid(407d29e21aad046e5b84c0072a7cb7cb) Importer(2089858483,b0f066a214c2f5e87bad3c948f4d605d)
Start importing Assets/Sprites/Palettes/Equipment/elements_67.asset using Guid(407d29e21aad046e5b84c0072a7cb7cb) Importer(2089858483,b0f066a214c2f5e87bad3c948f4d605d) (ScriptedImporter) -> (Import Result ID: '7f183d3cabcdcb694e537778bbe35f64') in 0.0021065 seconds [static and dynamic dependencies]. Details - ImportResultOutputID=ea04829abc3997db03b051d6a1287ddd DependenciesID=fc363d0ed0144ea7528a8d33632ccd8f StaticDependenciesID=e4e777635f0766ca398944275d754e64 
Number of updated asset objects reloaded before import = 0Number of asset objects unloaded after import = 2

========================================================================
Received Import Request.
  Time since last request: 0.000025 seconds.
  path: Assets/Sprites/kenney_sportsPack/PNG/Equipment/boxing_glove.png
  importAddress: Guid(32f03393955d14c8984417cdda404578) Importer(2089858483,b0f066a214c2f5e87bad3c948f4d605d)
Start importing Assets/Sprites/kenney_sportsPack/PNG/Equipment/boxing_glove.png using Guid(32f03393955d14c8984417cdda404578) Importer(2089858483,b0f066a214c2f5e87bad3c948f4d605d) (ScriptedImporter) -> (Import Result ID: '2937652e4292071cf63ba05f93c7ea42') in 0.002581167 seconds [static and dynamic dependencies]. Details - ImportResultOutputID=54b05ac063f323098032f5507d4d07f5 DependenciesID=4da5b25db8f3c1f5ad3a3aee823bc860 StaticDependenciesID=51ffeacf72ed5a1a48d4aff285e82e99 
Number of updated asset objects reloaded before import = 0Number of asset objects unloaded after import = 3

========================================================================
Received Import Request.
  Time since last request: 0.000023 seconds.
  path: Assets/Sprites/Palettes/Equipment/elements_4.asset
  importAddress: Guid(ad52bb6d5cbcd44538439d409184a027) Importer(2089858483,b0f066a214c2f5e87bad3c948f4d605d)
Start importing Assets/Sprites/Palettes/Equipment/elements_4.asset using Guid(ad52bb6d5cbcd44538439d409184a027) Importer(2089858483,b0f066a214c2f5e87bad3c948f4d605d) (ScriptedImporter) -> (Import Result ID: '3e0130f6dc86c26a885eefdc9277d399') in 0.001997625 seconds [static and dynamic dependencies]. Details - ImportResultOutputID=6a0a558e7eb95d899d82b53e70102ab8 DependenciesID=0441d30767c13bf01d984e33d66ba551 StaticDependenciesID=fa4905ed8840c110685f2e57a212c575 
Number of updated asset objects reloaded before import = 0Number of asset objects unloaded after import = 2

========================================================================
Received Import Request.
  Time since last request: 0.000029 seconds.
  path: Assets/Sprites/Palettes/PitchAndLines/groundGrass_mownWide_136.asset
  importAddress: Guid(185f018c636cd4a83bf6e3586c7cf798) Importer(2089858483,b0f066a214c2f5e87bad3c948f4d605d)
Start importing Assets/Sprites/Palettes/PitchAndLines/groundGrass_mownWide_136.asset using Guid(185f018c636cd4a83bf6e3586c7cf798) Importer(2089858483,b0f066a214c2f5e87bad3c948f4d605d) (ScriptedImporter) -> (Import Result ID: 'ba1f6af0ad1f58e0b34d2ce59842a2c9') in 0.0013525 seconds [static and dynamic dependencies]. Details - ImportResultOutputID=5c8f0b305fb7d391a905af0fff58db4d DependenciesID=dbef79d02a6204cbcee33a80bd429ef9 StaticDependenciesID=ee859b4931fb917e4a3a2f4db00dca38 
Number of updated asset objects reloaded before import = 0Number of asset objects unloaded after import = 2

========================================================================
Received Import Request.
  Time since last request: 0.000042 seconds.
  path: Assets/Sprites/Palettes/PitchAndLines/groundGrass_mownWide_85.asset
  importAddress: Guid(69a7afa5c3f024137934a68bdc6d3b87) Importer(2089858483,b0f066a214c2f5e87bad3c948f4d605d)
Start importing Assets/Sprites/Palettes/PitchAndLines/groundGrass_mownWide_85.asset using Guid(69a7afa5c3f024137934a68bdc6d3b87) Importer(2089858483,b0f066a214c2f5e87bad3c948f4d605d) (ScriptedImporter) -> (Import Result ID: 'ea7b0691a2ecc82ddcab0a0ec87b204c') in 0.001866375 seconds [static and dynamic dependencies]. Details - ImportResultOutputID=4c06b8a248cb010a0fe23884aed36aec DependenciesID=af1f5ac17839f9aec447fc85d88c4f45 StaticDependenciesID=b1c7eae5ec7ec3902bde3a5fd6456bc1 
Number of updated asset objects reloaded before import = 0Number of asset objects unloaded after import = 2

========================================================================
Received Import Request.
  Time since last request: 0.000052 seconds.
  path: Assets/Sprites/Palettes/PitchAndLines/groundGrass_mownWide_15.asset
  importAddress: Guid(de8c7918bdf35494c89270900dc0ee2c) Importer(2089858483,b0f066a214c2f5e87bad3c948f4d605d)
Start importing Assets/Sprites/Palettes/PitchAndLines/groundGrass_mownWide_15.asset using Guid(de8c7918bdf35494c89270900dc0ee2c) Importer(2089858483,b0f066a214c2f5e87bad3c948f4d605d) (ScriptedImporter) -> (Import Result ID: '730699e8b907d906b6af7fb13db3845f') in 0.002068166 seconds [static and dynamic dependencies]. Details - ImportResultOutputID=0f9f4a2676b601b1061359ccb7ba9944 DependenciesID=2f99eaf930d20fbb8d1a1a52150e849d StaticDependenciesID=2ff3f220bf765e3b3dc258be5fe19469 
Number of updated asset objects reloaded before import = 0Number of asset objects unloaded after import = 2

========================================================================
Received Import Request.
  Time since last request: 0.000082 seconds.
  path: Assets/Sprites/Palettes/PitchAndLines/groundGrass_mownWide_163.asset
  importAddress: Guid(dd1e185b8c49f426990a86f8efc37233) Importer(2089858483,b0f066a214c2f5e87bad3c948f4d605d)
Start importing Assets/Sprites/Palettes/PitchAndLines/groundGrass_mownWide_163.asset using Guid(dd1e185b8c49f426990a86f8efc37233) Importer(2089858483,b0f066a214c2f5e87bad3c948f4d605d) (ScriptedImporter) -> (Import Result ID: '594814a9e15a4988adc75698b77b30ad') in 0.001999417 seconds [static and dynamic dependencies]. Details - ImportResultOutputID=f8c7a32a420fff4e704af49a975ebbb0 DependenciesID=00dc2c4851e147dace8279d6c36f4aa5 StaticDependenciesID=730107d0edcb892386e8cf37cbf1d22f 
Number of updated asset objects reloaded before import = 0Number of asset objects unloaded after import = 2

========================================================================
Received Import Request.
  Time since last request: 0.000041 seconds.
  path: Assets/Sprites/Palettes/PitchAndLines/groundGrass_mownWide_26.asset
  importAddress: Guid(362fee3f7109042cf8ae94594ae99bbb) Importer(2089858483,b0f066a214c2f5e87bad3c948f4d605d)
Start importing Assets/Sprites/Palettes/PitchAndLines/groundGrass_mownWide_26.asset using Guid(362fee3f7109042cf8ae94594ae99bbb) Importer(2089858483,b0f066a214c2f5e87bad3c948f4d605d) (ScriptedImporter) -> (Import Result ID: '6d287458947593ac8d631cdff8147a91') in 0.001697083 seconds [static and dynamic dependencies]. Details - ImportResultOutputID=7d65191aee34d5ad16a6b6819afdd381 DependenciesID=ed3513776fa36521d1340c9292c284a3 StaticDependenciesID=f0fa984c5cde0e07d957627aca2ea47c 
Number of updated asset objects reloaded before import = 0Number of asset objects unloaded after import = 2

========================================================================
Received Prepare
Begin MonoManager ReloadAssembly
Thread 0x174027000 may have been prematurely finalized
Assembly Assembly-CSharp-Editor-firstpass.dll at Library/ScriptAssemblies/Assembly-CSharp-Editor-firstpass.dll not valid. Loading of assembly skipped.
Assembly Assembly-CSharp-Editor.dll at Library/ScriptAssemblies/Assembly-CSharp-Editor.dll not valid. Loading of assembly skipped.
Assembly Assembly-CSharp-firstpass.dll at Library/ScriptAssemblies/Assembly-CSharp-firstpass.dll not valid. Loading of assembly skipped.
Assembly DocCodeExamples.dll at Library/ScriptAssemblies/DocCodeExamples.dll not valid. Loading of assembly skipped.
Assembly TestNewCustomAssembly.dll at Library/ScriptAssemblies/TestNewCustomAssembly.dll not valid. Loading of assembly skipped.
Assembly Unity.2D.Animation.EditorTests.dll at Library/ScriptAssemblies/Unity.2D.Animation.EditorTests.dll not valid. Loading of assembly skipped.
Assembly Unity.2D.Aseprite.EditorTests.dll at Library/ScriptAssemblies/Unity.2D.Aseprite.EditorTests.dll not valid. Loading of assembly skipped.
Assembly Unity.2D.Common.EditorTests.dll at Library/ScriptAssemblies/Unity.2D.Common.EditorTests.dll not valid. Loading of assembly skipped.
Assembly Unity.2D.Psdimporter.EditorTests.dll at Library/ScriptAssemblies/Unity.2D.Psdimporter.EditorTests.dll not valid. Loading of assembly skipped.
Assembly Unity.2D.Sprite.Package.EditorTests.dll at Library/ScriptAssemblies/Unity.2D.Sprite.Package.EditorTests.dll not valid. Loading of assembly skipped.
Assembly Unity.2D.SpriteShape.EditorTests.dll at Library/ScriptAssemblies/Unity.2D.SpriteShape.EditorTests.dll not valid. Loading of assembly skipped.
Assembly Unity.2D.Tilemap.Package.EditorTests.dll at Library/ScriptAssemblies/Unity.2D.Tilemap.Package.EditorTests.dll not valid. Loading of assembly skipped.
Assembly Unity.Collections.BurstCompatibilityGen.dll at Library/ScriptAssemblies/Unity.Collections.BurstCompatibilityGen.dll not valid. Loading of assembly skipped.
Assembly Unity.Collections.DocCodeSamples.dll at Library/ScriptAssemblies/Unity.Collections.DocCodeSamples.dll not valid. Loading of assembly skipped.
Assembly Unity.Collections.PerformanceTests.dll at Library/ScriptAssemblies/Unity.Collections.PerformanceTests.dll not valid. Loading of assembly skipped.
Assembly Unity.Collections.Tests.dll at Library/ScriptAssemblies/Unity.Collections.Tests.dll not valid. Loading of assembly skipped.
Assembly Unity.Collections.Tests.Playmode.dll at Library/ScriptAssemblies/Unity.Collections.Tests.Playmode.dll not valid. Loading of assembly skipped.
Assembly Unity.InputSystem.IntegrationTests.dll at Library/ScriptAssemblies/Unity.InputSystem.IntegrationTests.dll not valid. Loading of assembly skipped.
Assembly Unity.Mathematics.Tests.dll at Library/ScriptAssemblies/Unity.Mathematics.Tests.dll not valid. Loading of assembly skipped.
Assembly Unity.Multiplayer.Center.Editor.Tests.dll at Library/ScriptAssemblies/Unity.Multiplayer.Center.Editor.Tests.dll not valid. Loading of assembly skipped.
Assembly Unity.Multiplayer.Center.Tests.dll at Library/ScriptAssemblies/Unity.Multiplayer.Center.Tests.dll not valid. Loading of assembly skipped.
Assembly Unity.Nuget.Mono-Cecil.dll at Library/ScriptAssemblies/Unity.Nuget.Mono-Cecil.dll not valid. Loading of assembly skipped.
Assembly Unity.PathTracing.Editor.Tests.dll at Library/ScriptAssemblies/Unity.PathTracing.Editor.Tests.dll not valid. Loading of assembly skipped.
Assembly Unity.PathTracing.Runtime.Tests.dll at Library/ScriptAssemblies/Unity.PathTracing.Runtime.Tests.dll not valid. Loading of assembly skipped.
Assembly Unity.RenderPipelines.Core.Editor.Tests.dll at Library/ScriptAssemblies/Unity.RenderPipelines.Core.Editor.Tests.dll not valid. Loading of assembly skipped.
Assembly Unity.RenderPipelines.Core.Runtime.Tests.dll at Library/ScriptAssemblies/Unity.RenderPipelines.Core.Runtime.Tests.dll not valid. Loading of assembly skipped.
Assembly Unity.RenderPipelines.Universal.Config.Editor.Tests.dll at Library/ScriptAssemblies/Unity.RenderPipelines.Universal.Config.Editor.Tests.dll not valid. Loading of assembly skipped.
Assembly Unity.RenderPipelines.Universal.Editor.Tests.dll at Library/ScriptAssemblies/Unity.RenderPipelines.Universal.Editor.Tests.dll not valid. Loading of assembly skipped.
Assembly Unity.RenderPipelines.Universal.Runtime.Tests.dll at Library/ScriptAssemblies/Unity.RenderPipelines.Universal.Runtime.Tests.dll not valid. Loading of assembly skipped.
Assembly Unity.Searcher.EditorTests.dll at Library/ScriptAssemblies/Unity.Searcher.EditorTests.dll not valid. Loading of assembly skipped.
Assembly Unity.ShaderGraph.Editor.Tests.dll at Library/ScriptAssemblies/Unity.ShaderGraph.Editor.Tests.dll not valid. Loading of assembly skipped.
Assembly Unity.TextMeshPro.Editor.Tests.dll at Library/ScriptAssemblies/Unity.TextMeshPro.Editor.Tests.dll not valid. Loading of assembly skipped.
Assembly Unity.TextMeshPro.Tests.dll at Library/ScriptAssemblies/Unity.TextMeshPro.Tests.dll not valid. Loading of assembly skipped.
Assembly Unity.UnifiedRayTracing.Editor.Tests.dll at Library/ScriptAssemblies/Unity.UnifiedRayTracing.Editor.Tests.dll not valid. Loading of assembly skipped.
Assembly UnityEditor.UI.Common.Tests.dll at Library/ScriptAssemblies/UnityEditor.UI.Common.Tests.dll not valid. Loading of assembly skipped.
Assembly UnityEditor.UI.EditorTests.dll at Library/ScriptAssemblies/UnityEditor.UI.EditorTests.dll not valid. Loading of assembly skipped.
Assembly UnityEngine.UI.Tests.dll at Library/ScriptAssemblies/UnityEngine.UI.Tests.dll not valid. Loading of assembly skipped.
Native extension for OSXStandalone target not found
Native extension for WebGL target not found
[Package Manager] Failed to launch server process. Reason: Unity was launched with the -noUpm command-line argument
[Package Manager] Unable to send message (not connected to server process).
[Package Manager] Cannot connect to Unity Package Manager local server
[Package Manager] Failed to launch server process. Reason: Unity was launched with the -noUpm command-line argument
[Package Manager] Unable to send message (not connected to server process).
[Package Manager] Cannot connect to Unity Package Manager local server
ScheduleIndexationOnStartup MainProcess:False IndexOnStartup:True
Mono: successfully reloaded assembly
- Finished resetting the current domain, in  0.350 seconds
Domain Reload Profiling: 707ms
	BeginReloadAssembly (85ms)
		DisableScriptedObjects (6ms)
		CreateAndSetChildDomain (21ms)
	RebuildCommonClasses (19ms)
	RebuildNativeTypeToScriptingClass (7ms)
	initialDomainReloadingComplete (20ms)
	LoadAllAssembliesAndSetupDomain (226ms)
		LoadAssemblies (157ms)
		AnalyzeDomain (92ms)
			TypeCache.Refresh (4ms)
			BuildScriptInfoCaches (82ms)
			ResolveRequiredComponents (5ms)
	FinalizeReload (350ms)
		SetupLoadedEditorAssemblies (0ms)
			BeforeProcessingInitializeOnLoad (74ms)
			ProcessInitializeOnLoadAttributes (147ms)
			ProcessInitializeOnLoadMethodAttributes (41ms)
		AwakeInstancesAfterBackupRestoration (5ms)
WARNING: Shader Unsupported: 'Universal Render Pipeline/VR/SpatialMapping/Wireframe' - All subshaders removed
WARNING: Shader Did you use #pragma only_renderers and omit this platform?
WARNING: Shader If subshaders removal was intentional, you may have forgotten turning Fallback off?
Shader Hidden/ChartRasterizerHardware is not supported: GPU does not support conservative rasterization
Shader Hidden/ChartRasterizerHardware is not supported: GPU does not support conservative rasterization
Unloading 26 Unused Serialized files (Serialized files now loaded: 0)
Unloading 7020 unused Assets / (5.1 MB). Loaded Objects now: 7858.
Memory consumption went from 183.3 MB to 178.3 MB.
Total: 5.025375 ms (FindLiveObjects: 0.310583 ms CreateObjectMapping: 0.119125 ms MarkObjects: 3.543750 ms  DeleteObjects: 1.051667 ms)

Prepare: number of updated asset objects reloaded= 0
========================================================================
Received Prepare
Begin MonoManager ReloadAssembly
Thread 0x16dae3000 may have been prematurely finalized
Assembly Assembly-CSharp-Editor-firstpass.dll at Library/ScriptAssemblies/Assembly-CSharp-Editor-firstpass.dll not valid. Loading of assembly skipped.
Assembly Assembly-CSharp-Editor.dll at Library/ScriptAssemblies/Assembly-CSharp-Editor.dll not valid. Loading of assembly skipped.
Assembly Assembly-CSharp-firstpass.dll at Library/ScriptAssemblies/Assembly-CSharp-firstpass.dll not valid. Loading of assembly skipped.
Assembly DocCodeExamples.dll at Library/ScriptAssemblies/DocCodeExamples.dll not valid. Loading of assembly skipped.
Assembly TestNewCustomAssembly.dll at Library/ScriptAssemblies/TestNewCustomAssembly.dll not valid. Loading of assembly skipped.
Assembly Unity.2D.Animation.EditorTests.dll at Library/ScriptAssemblies/Unity.2D.Animation.EditorTests.dll not valid. Loading of assembly skipped.
Assembly Unity.2D.Aseprite.EditorTests.dll at Library/ScriptAssemblies/Unity.2D.Aseprite.EditorTests.dll not valid. Loading of assembly skipped.
Assembly Unity.2D.Common.EditorTests.dll at Library/ScriptAssemblies/Unity.2D.Common.EditorTests.dll not valid. Loading of assembly skipped.
Assembly Unity.2D.Psdimporter.EditorTests.dll at Library/ScriptAssemblies/Unity.2D.Psdimporter.EditorTests.dll not valid. Loading of assembly skipped.
Assembly Unity.2D.Sprite.Package.EditorTests.dll at Library/ScriptAssemblies/Unity.2D.Sprite.Package.EditorTests.dll not valid. Loading of assembly skipped.
Assembly Unity.2D.SpriteShape.EditorTests.dll at Library/ScriptAssemblies/Unity.2D.SpriteShape.EditorTests.dll not valid. Loading of assembly skipped.
Assembly Unity.2D.Tilemap.Package.EditorTests.dll at Library/ScriptAssemblies/Unity.2D.Tilemap.Package.EditorTests.dll not valid. Loading of assembly skipped.
Assembly Unity.Collections.BurstCompatibilityGen.dll at Library/ScriptAssemblies/Unity.Collections.BurstCompatibilityGen.dll not valid. Loading of assembly skipped.
Assembly Unity.Collections.DocCodeSamples.dll at Library/ScriptAssemblies/Unity.Collections.DocCodeSamples.dll not valid. Loading of assembly skipped.
Assembly Unity.Collections.PerformanceTests.dll at Library/ScriptAssemblies/Unity.Collections.PerformanceTests.dll not valid. Loading of assembly skipped.
Assembly Unity.Collections.Tests.dll at Library/ScriptAssemblies/Unity.Collections.Tests.dll not valid. Loading of assembly skipped.
Assembly Unity.Collections.Tests.Playmode.dll at Library/ScriptAssemblies/Unity.Collections.Tests.Playmode.dll not valid. Loading of assembly skipped.
Assembly Unity.InputSystem.IntegrationTests.dll at Library/ScriptAssemblies/Unity.InputSystem.IntegrationTests.dll not valid. Loading of assembly skipped.
Assembly Unity.Mathematics.Tests.dll at Library/ScriptAssemblies/Unity.Mathematics.Tests.dll not valid. Loading of assembly skipped.
Assembly Unity.Multiplayer.Center.Editor.Tests.dll at Library/ScriptAssemblies/Unity.Multiplayer.Center.Editor.Tests.dll not valid. Loading of assembly skipped.
Assembly Unity.Multiplayer.Center.Tests.dll at Library/ScriptAssemblies/Unity.Multiplayer.Center.Tests.dll not valid. Loading of assembly skipped.
Assembly Unity.Nuget.Mono-Cecil.dll at Library/ScriptAssemblies/Unity.Nuget.Mono-Cecil.dll not valid. Loading of assembly skipped.
Assembly Unity.PathTracing.Editor.Tests.dll at Library/ScriptAssemblies/Unity.PathTracing.Editor.Tests.dll not valid. Loading of assembly skipped.
Assembly Unity.PathTracing.Runtime.Tests.dll at Library/ScriptAssemblies/Unity.PathTracing.Runtime.Tests.dll not valid. Loading of assembly skipped.
Assembly Unity.RenderPipelines.Core.Editor.Tests.dll at Library/ScriptAssemblies/Unity.RenderPipelines.Core.Editor.Tests.dll not valid. Loading of assembly skipped.
Assembly Unity.RenderPipelines.Core.Runtime.Tests.dll at Library/ScriptAssemblies/Unity.RenderPipelines.Core.Runtime.Tests.dll not valid. Loading of assembly skipped.
Assembly Unity.RenderPipelines.Universal.Config.Editor.Tests.dll at Library/ScriptAssemblies/Unity.RenderPipelines.Universal.Config.Editor.Tests.dll not valid. Loading of assembly skipped.
Assembly Unity.RenderPipelines.Universal.Editor.Tests.dll at Library/ScriptAssemblies/Unity.RenderPipelines.Universal.Editor.Tests.dll not valid. Loading of assembly skipped.
Assembly Unity.RenderPipelines.Universal.Runtime.Tests.dll at Library/ScriptAssemblies/Unity.RenderPipelines.Universal.Runtime.Tests.dll not valid. Loading of assembly skipped.
Assembly Unity.Searcher.EditorTests.dll at Library/ScriptAssemblies/Unity.Searcher.EditorTests.dll not valid. Loading of assembly skipped.
Assembly Unity.ShaderGraph.Editor.Tests.dll at Library/ScriptAssemblies/Unity.ShaderGraph.Editor.Tests.dll not valid. Loading of assembly skipped.
Assembly Unity.TextMeshPro.Editor.Tests.dll at Library/ScriptAssemblies/Unity.TextMeshPro.Editor.Tests.dll not valid. Loading of assembly skipped.
Assembly Unity.TextMeshPro.Tests.dll at Library/ScriptAssemblies/Unity.TextMeshPro.Tests.dll not valid. Loading of assembly skipped.
Assembly Unity.UnifiedRayTracing.Editor.Tests.dll at Library/ScriptAssemblies/Unity.UnifiedRayTracing.Editor.Tests.dll not valid. Loading of assembly skipped.
Assembly UnityEditor.UI.Common.Tests.dll at Library/ScriptAssemblies/UnityEditor.UI.Common.Tests.dll not valid. Loading of assembly skipped.
Assembly UnityEditor.UI.EditorTests.dll at Library/ScriptAssemblies/UnityEditor.UI.EditorTests.dll not valid. Loading of assembly skipped.
Assembly UnityEngine.UI.Tests.dll at Library/ScriptAssemblies/UnityEngine.UI.Tests.dll not valid. Loading of assembly skipped.
Native extension for OSXStandalone target not found
Native extension for WebGL target not found
[Package Manager] Failed to launch server process. Reason: Unity was launched with the -noUpm command-line argument
[Package Manager] Unable to send message (not connected to server process).
[Package Manager] Cannot connect to Unity Package Manager local server
[Package Manager] Failed to launch server process. Reason: Unity was launched with the -noUpm command-line argument
[Package Manager] Unable to send message (not connected to server process).
[Package Manager] Cannot connect to Unity Package Manager local server
ScheduleIndexationOnStartup MainProcess:False IndexOnStartup:True
Mono: successfully reloaded assembly
- Finished resetting the current domain, in  0.357 seconds
Domain Reload Profiling: 714ms
	BeginReloadAssembly (84ms)
		DisableScriptedObjects (6ms)
		CreateAndSetChildDomain (20ms)
	RebuildCommonClasses (19ms)
	RebuildNativeTypeToScriptingClass (7ms)
	initialDomainReloadingComplete (20ms)
	LoadAllAssembliesAndSetupDomain (227ms)
		LoadAssemblies (153ms)
		AnalyzeDomain (96ms)
			TypeCache.Refresh (4ms)
			BuildScriptInfoCaches (85ms)
			ResolveRequiredComponents (5ms)
	FinalizeReload (357ms)
		SetupLoadedEditorAssemblies (0ms)
			BeforeProcessingInitializeOnLoad (76ms)
			ProcessInitializeOnLoadAttributes (151ms)
			ProcessInitializeOnLoadMethodAttributes (42ms)
		AwakeInstancesAfterBackupRestoration (6ms)
WARNING: Shader Unsupported: 'Universal Render Pipeline/VR/SpatialMapping/Wireframe' - All subshaders removed
WARNING: Shader Did you use #pragma only_renderers and omit this platform?
WARNING: Shader If subshaders removal was intentional, you may have forgotten turning Fallback off?
Shader Hidden/ChartRasterizerHardware is not supported: GPU does not support conservative rasterization
Shader Hidden/ChartRasterizerHardware is not supported: GPU does not support conservative rasterization
Unloading 26 Unused Serialized files (Serialized files now loaded: 0)
Unloading 7020 unused Assets / (4.8 MB). Loaded Objects now: 7861.
Memory consumption went from 186.2 MB to 181.4 MB.
Total: 5.408084 ms (FindLiveObjects: 0.305000 ms CreateObjectMapping: 0.141875 ms MarkObjects: 3.789500 ms  DeleteObjects: 1.171500 ms)

Prepare: number of updated asset objects reloaded= 0
Editor requested this worker to shutdown with reason: Scaling down because of idle timeout
AssetImportWorker is now disconnected from the server
Process exiting
